spliced	intron	gene_name
ENSMUSG00000117547.2	ENSMUSG00000117547.2-I	Gm50072
ENSMUSG00000097746.3	ENSMUSG00000097746.3-I	Gm6225
ENSMUSG00000024231.16	ENSMUSG00000024231.16-I	Cul2
ENSMUSG00000117370.2	ENSMUSG00000117370.2-I	Gm6235
ENSMUSG00000096528.2	ENSMUSG00000096528.2-I	G430049J08Rik
ENSMUSG00000117469.2	ENSMUSG00000117469.2-I	Gm50089
ENSMUSG00000024232.3	ENSMUSG00000024232.3-I	Bambi
ENSMUSG00000117454.2	ENSMUSG00000117454.2-I	Gm50090
ENSMUSG00000117506.2	ENSMUSG00000117506.2-I	Gm50091
ENSMUSG00000117395.2	ENSMUSG00000117395.2-I	Gm7378
ENSMUSG00000024233.11	ENSMUSG00000024233.11-I	Lyzl1
ENSMUSG00000117401.2	ENSMUSG00000117401.2-I	4833419F23Rik
ENSMUSG00000117594.2	ENSMUSG00000117594.2-I	Gm50096
ENSMUSG00000024234.8	ENSMUSG00000024234.8-I	Mtpap
ENSMUSG00000117579.2	ENSMUSG00000117579.2-I	Gm50023
ENSMUSG00000117640.2	ENSMUSG00000117640.2-I	Gm7411
ENSMUSG00000117521.2	ENSMUSG00000117521.2-I	Gm50024
ENSMUSG00000033960.7	ENSMUSG00000033960.7-I	Jcad
ENSMUSG00000117585.2	ENSMUSG00000117585.2-I	Gm5047
ENSMUSG00000097043.2	ENSMUSG00000097043.2-I	Gm10556
ENSMUSG00000024236.19	ENSMUSG00000024236.19-I	Svil
ENSMUSG00001118670.1	ENSMUSG00001118670.1-I	AC111128.1
ENSMUSG00000024238.16	ENSMUSG00000024238.16-I	Zeb1
ENSMUSG00000117508.2	ENSMUSG00000117508.2-I	Gm34804
ENSMUSG00000091165.2	ENSMUSG00000091165.2-I	Gm17036
ENSMUSG00000117519.2	ENSMUSG00000117519.2-I	Gm41664
ENSMUSG00000073640.4	ENSMUSG00000073640.4-I	Rpl27-ps3
ENSMUSG00000117387.2	ENSMUSG00000117387.2-I	Gm49986
ENSMUSG00000101320.2	ENSMUSG00000101320.2-I	Gm28529
ENSMUSG00000117425.2	ENSMUSG00000117425.2-I	Gm7464
ENSMUSG00000039540.10	ENSMUSG00000039540.10-I	4921524L21Rik
ENSMUSG00000073639.7	ENSMUSG00000073639.7-I	Rab18
ENSMUSG00000117461.2	ENSMUSG00000117461.2-I	Gm50081
ENSMUSG00000117356.2	ENSMUSG00000117356.2-I	Gm46633
ENSMUSG00000117556.2	ENSMUSG00000117556.2-I	Gm18948
ENSMUSG00000094334.3	ENSMUSG00000094334.3-I	Fabp5l2
ENSMUSG00000064822.2	ENSMUSG00000064822.2-I	Gm24292
ENSMUSG00000024283.16	ENSMUSG00000024283.16-I	Wac
ENSMUSG00000091019.2	ENSMUSG00000091019.2-I	Gm7502
ENSMUSG00000117428.2	ENSMUSG00000117428.2-I	Gm4833
ENSMUSG00000118962.1	ENSMUSG00000118962.1-I	AC148013.1
ENSMUSG00000117490.2	ENSMUSG00000117490.2-I	Gm35031
ENSMUSG00000117484.2	ENSMUSG00000117484.2-I	Gm5500
ENSMUSG00000117424.2	ENSMUSG00000117424.2-I	Gm35232
ENSMUSG00000092097.3	ENSMUSG00000092097.3-I	Gm5819
ENSMUSG00000103172.2	ENSMUSG00000103172.2-I	Gm37148
ENSMUSG00000117549.2	ENSMUSG00000117549.2-I	Gm7523
ENSMUSG00000036904.7	ENSMUSG00000036904.7-I	Fzd8
ENSMUSG00000117644.2	ENSMUSG00000117644.2-I	Gm50053
ENSMUSG00000117503.2	ENSMUSG00000117503.2-I	Gm7527
ENSMUSG00000117435.2	ENSMUSG00000117435.2-I	Gm7532
ENSMUSG00000117349.2	ENSMUSG00000117349.2-I	Gm7274
ENSMUSG00000117641.2	ENSMUSG00000117641.2-I	Gm46641
ENSMUSG00000117402.2	ENSMUSG00000117402.2-I	Gm4834
ENSMUSG00000036103.10	ENSMUSG00000036103.10-I	Colec12
ENSMUSG00000117390.2	ENSMUSG00000117390.2-I	Gm50080
ENSMUSG00000117597.2	ENSMUSG00000117597.2-I	Gm50078
ENSMUSG00000098235.3	ENSMUSG00000098235.3-I	Gm7497
ENSMUSG00000117619.2	ENSMUSG00000117619.2-I	Gm50079
ENSMUSG00000117453.2	ENSMUSG00000117453.2-I	Gm2424
ENSMUSG00000092039.3	ENSMUSG00000092039.3-I	Gm5501
ENSMUSG00000024287.9	ENSMUSG00000024287.9-I	Thoc1
ENSMUSG00000117492.2	ENSMUSG00000117492.2-I	Gm19052
ENSMUSG00000117552.2	ENSMUSG00000117552.2-I	Gm5686
ENSMUSG00000042942.19	ENSMUSG00000042942.19-I	Greb1l
ENSMUSG00000002477.6	ENSMUSG00000002477.6-I	Snrpd1
ENSMUSG00000097387.2	ENSMUSG00000097387.2-I	4930563E18Rik
ENSMUSG00000024294.15	ENSMUSG00000024294.15-I	Mib1
ENSMUSG00000087816.2	ENSMUSG00000087816.2-I	Gm25116
ENSMUSG00000080662.2	ENSMUSG00000080662.2-I	Mir1b
ENSMUSG00000117593.2	ENSMUSG00000117593.2-I	Gm18764
ENSMUSG00000117563.2	ENSMUSG00000117563.2-I	Gm7575
ENSMUSG00000005836.11	ENSMUSG00000005836.11-I	Gata6
ENSMUSG00000117535.2	ENSMUSG00000117535.2-I	Gm50067
ENSMUSG00000041238.17	ENSMUSG00000041238.17-I	Rbbp8
ENSMUSG00000040957.16	ENSMUSG00000040957.16-I	Cables1
ENSMUSG00000117430.2	ENSMUSG00000117430.2-I	Gm49968
ENSMUSG00000024404.8	ENSMUSG00000024404.8-I	Riok3
ENSMUSG00000084748.3	ENSMUSG00000084748.3-I	Gm25289
ENSMUSG00000024410.16	ENSMUSG00000024410.16-I	Rmc1
ENSMUSG00000086935.2	ENSMUSG00000086935.2-I	Gm15956
ENSMUSG00000082051.2	ENSMUSG00000082051.2-I	Gm16072
ENSMUSG00000024421.17	ENSMUSG00000024421.17-I	Lama3
ENSMUSG00000099663.2	ENSMUSG00000099663.2-I	Gm29201
ENSMUSG00000024424.16	ENSMUSG00000024424.16-I	Ttc39c
ENSMUSG00000087950.3	ENSMUSG00000087950.3-I	Mir1948
ENSMUSG00000024430.15	ENSMUSG00000024430.15-I	Cabyr
ENSMUSG00000117494.2	ENSMUSG00000117494.2-I	Gm49970
ENSMUSG00000080866.2	ENSMUSG00000080866.2-I	Gm5687
ENSMUSG00000024423.7	ENSMUSG00000024423.7-I	Impact
ENSMUSG00000037346.6	ENSMUSG00000037346.6-I	Hrh4
ENSMUSG00000117367.2	ENSMUSG00000117367.2-I	Gm50093
ENSMUSG00000117633.2	ENSMUSG00000117633.2-I	8430422H06Rik
ENSMUSG00000117470.2	ENSMUSG00000117470.2-I	Gm50095
ENSMUSG00000117605.2	ENSMUSG00000117605.2-I	Gm50097
ENSMUSG00000055795.7	ENSMUSG00000055795.7-I	Gm5160
ENSMUSG00000117607.2	ENSMUSG00000117607.2-I	Gm50098
ENSMUSG00000053740.9	ENSMUSG00000053740.9-I	Gm6457
ENSMUSG00000036743.5	ENSMUSG00000036743.5-I	Psma8
ENSMUSG00000054321.8	ENSMUSG00000054321.8-I	Taf4b
ENSMUSG00000117530.2	ENSMUSG00000117530.2-I	Gm21055
ENSMUSG00000117450.2	ENSMUSG00000117450.2-I	4933424G05Rik
ENSMUSG00000071867.6	ENSMUSG00000071867.6-I	Mrpl27-ps
ENSMUSG00000117613.2	ENSMUSG00000117613.2-I	Gm2629
ENSMUSG00000117645.2	ENSMUSG00000117645.2-I	A830021F12Rik
ENSMUSG00000117541.2	ENSMUSG00000117541.2-I	Gm50048
ENSMUSG00000058064.7	ENSMUSG00000058064.7-I	Gm10036
ENSMUSG00000089454.3	ENSMUSG00000089454.3-I	Gm24228
ENSMUSG00000043223.8	ENSMUSG00000043223.8-I	Gm4835
ENSMUSG00000085575.2	ENSMUSG00000085575.2-I	Gm15485
ENSMUSG00000086095.3	ENSMUSG00000086095.3-I	Gm15328
ENSMUSG00000087170.8	ENSMUSG00000087170.8-I	1700001G01Rik
ENSMUSG00000077305.3	ENSMUSG00000077305.3-I	Gm22470
ENSMUSG00000117439.2	ENSMUSG00000117439.2-I	Gm50083
ENSMUSG00000117378.2	ENSMUSG00000117378.2-I	Gm31086
ENSMUSG00000034774.7	ENSMUSG00000034774.7-I	Dsg1c
ENSMUSG00000069441.4	ENSMUSG00000069441.4-I	Dsg1a
ENSMUSG00000061928.7	ENSMUSG00000061928.7-I	Dsg1b
ENSMUSG00000001804.10	ENSMUSG00000001804.10-I	Dsg4
ENSMUSG00000117480.2	ENSMUSG00000117480.2-I	Gm5688
ENSMUSG00000056632.9	ENSMUSG00000056632.9-I	Dsg3
ENSMUSG00000044393.16	ENSMUSG00000044393.16-I	Dsg2
ENSMUSG00000061808.5	ENSMUSG00000061808.5-I	Ttr
ENSMUSG00000033107.7	ENSMUSG00000033107.7-I	Rnf125
ENSMUSG00000024317.16	ENSMUSG00000024317.16-I	Rnf138
ENSMUSG00000024313.9	ENSMUSG00000024313.9-I	Mep1b
ENSMUSG00000119849.1	ENSMUSG00000119849.1-I	AC158774.2
ENSMUSG00000117357.2	ENSMUSG00000117357.2-I	AC158774.1
ENSMUSG00000043168.13	ENSMUSG00000043168.13-I	4930426D05Rik
ENSMUSG00000045215.18	ENSMUSG00000045215.18-I	Asxl3
ENSMUSG00000077680.3	ENSMUSG00000077680.3-I	Gm22495
ENSMUSG00000117475.2	ENSMUSG00000117475.2-I	Gm7788
ENSMUSG00000024302.17	ENSMUSG00000024302.17-I	Dtna
ENSMUSG00000024277.15	ENSMUSG00000024277.15-I	Mapre2
ENSMUSG00000117504.2	ENSMUSG00000117504.2-I	Gm46611
ENSMUSG00000117405.2	ENSMUSG00000117405.2-I	Rpl19-ps7
ENSMUSG00000024276.8	ENSMUSG00000024276.8-I	Zfp397
ENSMUSG00000063281.10	ENSMUSG00000063281.10-I	Zfp35
ENSMUSG00000000420.16	ENSMUSG00000000420.16-I	Galnt1
ENSMUSG00000091363.2	ENSMUSG00000091363.2-I	Gm7701
ENSMUSG00000117570.2	ENSMUSG00000117570.2-I	Gm38410
ENSMUSG00000024273.9	ENSMUSG00000024273.9-I	2700062C07Rik
ENSMUSG00000024271.9	ENSMUSG00000024271.9-I	Elp2
ENSMUSG00000039616.11	ENSMUSG00000039616.11-I	Mocos
ENSMUSG00000034295.11	ENSMUSG00000034295.11-I	Fhod3
ENSMUSG00000033632.17	ENSMUSG00000033632.17-I	AW554918
ENSMUSG00000089908.2	ENSMUSG00000089908.2-I	Gm16558
ENSMUSG00000114306.2	ENSMUSG00000114306.2-I	Gm3227
ENSMUSG00000114511.2	ENSMUSG00000114511.2-I	0710001A04Rik
ENSMUSG00000117410.2	ENSMUSG00000117410.2-I	Gm50304
ENSMUSG00000117604.2	ENSMUSG00000117604.2-I	Gm33228
ENSMUSG00000088098.3	ENSMUSG00000088098.3-I	Gm23674
ENSMUSG00000117516.2	ENSMUSG00000117516.2-I	Gm18089
ENSMUSG00000117346.2	ENSMUSG00000117346.2-I	Gm7874
ENSMUSG00000046636.6	ENSMUSG00000046636.6-I	Gm7729
ENSMUSG00000117467.2	ENSMUSG00000117467.2-I	Gm33674
ENSMUSG00000087940.3	ENSMUSG00000087940.3-I	Gm24246
ENSMUSG00000117449.2	ENSMUSG00000117449.2-I	Gm6643
ENSMUSG00000117478.2	ENSMUSG00000117478.2-I	BC051408
ENSMUSG00000117473.2	ENSMUSG00000117473.2-I	Gm33948
ENSMUSG00000117638.2	ENSMUSG00000117638.2-I	Gm34743
ENSMUSG00000117554.2	ENSMUSG00000117554.2-I	4930527G23Rik
ENSMUSG00000117465.2	ENSMUSG00000117465.2-I	Gm49980
ENSMUSG00000033628.16	ENSMUSG00000033628.16-I	Pik3c3
ENSMUSG00000088126.3	ENSMUSG00000088126.3-I	Gm22870
ENSMUSG00000096934.2	ENSMUSG00000096934.2-I	Gm26658
ENSMUSG00000092124.2	ENSMUSG00000092124.2-I	B930094E09Rik
ENSMUSG00000024260.15	ENSMUSG00000024260.15-I	Sap130
ENSMUSG00000117533.2	ENSMUSG00000117533.2-I	Gm50060
ENSMUSG00000041915.10	ENSMUSG00000041915.10-I	Ammecr1l
ENSMUSG00000024258.5	ENSMUSG00000024258.5-I	Polr2d
ENSMUSG00000024400.17	ENSMUSG00000024400.17-I	Wdr33
ENSMUSG00000024395.10	ENSMUSG00000024395.10-I	Lims2
ENSMUSG00000084824.2	ENSMUSG00000084824.2-I	Gm16344
ENSMUSG00000085300.2	ENSMUSG00000085300.2-I	Gm16345
ENSMUSG00000024384.5	ENSMUSG00000024384.5-I	Iws1
ENSMUSG00000117606.2	ENSMUSG00000117606.2-I	Gm5969
ENSMUSG00000097363.2	ENSMUSG00000097363.2-I	Gm26717
ENSMUSG00000024383.10	ENSMUSG00000024383.10-I	Map3k2
ENSMUSG00000024382.14	ENSMUSG00000024382.14-I	Ercc3
ENSMUSG00000024381.17	ENSMUSG00000024381.17-I	Bin1
ENSMUSG00000109232.2	ENSMUSG00000109232.2-I	Gm44577
ENSMUSG00000119590.1	ENSMUSG00000119590.1-I	AC135961.1
ENSMUSG00000024379.5	ENSMUSG00000024379.5-I	Tslp
ENSMUSG00000119098.1	ENSMUSG00000119098.1-I	AC140983.1
ENSMUSG00000038299.17	ENSMUSG00000038299.17-I	Wdr36
ENSMUSG00000038128.8	ENSMUSG00000038128.8-I	Camk4
ENSMUSG00000118292.2	ENSMUSG00000118292.2-I	Gm10549
ENSMUSG00000117689.2	ENSMUSG00000117689.2-I	Gm50392
ENSMUSG00000087590.3	ENSMUSG00000087590.3-I	Epb41l4aos
ENSMUSG00000092819.3	ENSMUSG00000092819.3-I	Gm23639
ENSMUSG00000118246.2	ENSMUSG00000118246.2-I	Gm6052
ENSMUSG00000077263.3	ENSMUSG00000077263.3-I	Gm24432
ENSMUSG00000005871.16	ENSMUSG00000005871.16-I	Apc
ENSMUSG00000014504.17	ENSMUSG00000014504.17-I	Srp19
ENSMUSG00000014503.16	ENSMUSG00000014503.16-I	Pkd2l2
ENSMUSG00000012282.3	ENSMUSG00000012282.3-I	Wnt8a
ENSMUSG00000003779.17	ENSMUSG00000003779.17-I	Kif20a
ENSMUSG00000064857.3	ENSMUSG00000064857.3-I	n-R5s25
ENSMUSG00000078240.3	ENSMUSG00000078240.3-I	Gm3550
ENSMUSG00000097755.3	ENSMUSG00000097755.3-I	2010110K18Rik
ENSMUSG00000034300.18	ENSMUSG00000034300.18-I	Fam53c
ENSMUSG00000119248.1	ENSMUSG00000119248.1-I	AC145591.2
ENSMUSG00000038773.12	ENSMUSG00000038773.12-I	Kdm3b
ENSMUSG00000038555.8	ENSMUSG00000038555.8-I	Reep2
ENSMUSG00000038418.8	ENSMUSG00000038418.8-I	Egr1
ENSMUSG00000118380.2	ENSMUSG00000118380.2-I	Gm36037
ENSMUSG00000118874.1	ENSMUSG00000118874.1-I	AC131675.1
ENSMUSG00000037815.8	ENSMUSG00000037815.8-I	Ctnna1
ENSMUSG00000117876.2	ENSMUSG00000117876.2-I	Gm50146
ENSMUSG00000119202.1	ENSMUSG00000119202.1-I	AC153145.1
ENSMUSG00000117731.2	ENSMUSG00000117731.2-I	Gm50145
ENSMUSG00000118184.2	ENSMUSG00000118184.2-I	Gm50144
ENSMUSG00000118386.2	ENSMUSG00000118386.2-I	Gm50149
ENSMUSG00000062742.5	ENSMUSG00000062742.5-I	Gm5239
ENSMUSG00000117869.2	ENSMUSG00000117869.2-I	Snhg4
ENSMUSG00000117694.2	ENSMUSG00000117694.2-I	Snhg4
ENSMUSG00000105743.3	ENSMUSG00000105743.3-I	Mir1949
ENSMUSG00000065649.3	ENSMUSG00000065649.3-I	Snora74a
ENSMUSG00000037236.17	ENSMUSG00000037236.17-I	Matr3
ENSMUSG00000102496.2	ENSMUSG00000102496.2-I	Gm36989
ENSMUSG00000037058.17	ENSMUSG00000037058.17-I	Paip2
ENSMUSG00000073598.4	ENSMUSG00000073598.4-I	1700066B19Rik
ENSMUSG00000091842.3	ENSMUSG00000091842.3-I	Gm16490
ENSMUSG00000091896.9	ENSMUSG00000091896.9-I	Ube2d2a
ENSMUSG00000117841.2	ENSMUSG00000117841.2-I	Gm50371
ENSMUSG00000046668.10	ENSMUSG00000046668.10-I	Cxxc5
ENSMUSG00000117840.2	ENSMUSG00000117840.2-I	Gm50399
ENSMUSG00000118080.2	ENSMUSG00000118080.2-I	Gm41693
ENSMUSG00000118347.2	ENSMUSG00000118347.2-I	C330008A17Rik
ENSMUSG00000118122.2	ENSMUSG00000118122.2-I	Gm50405
ENSMUSG00000024347.17	ENSMUSG00000024347.17-I	Psd2
ENSMUSG00000117852.2	ENSMUSG00000117852.2-I	4930471G03Rik
ENSMUSG00000043991.6	ENSMUSG00000043991.6-I	Pura
ENSMUSG00000110185.3	ENSMUSG00000110185.3-I	Igip
ENSMUSG00000046727.14	ENSMUSG00000046727.14-I	Cystm1
ENSMUSG00000118214.2	ENSMUSG00000118214.2-I	Gm50199
ENSMUSG00000024485.17	ENSMUSG00000024485.17-I	Slc4a9
ENSMUSG00000024483.20	ENSMUSG00000024483.20-I	Ankhd1
ENSMUSG00000085172.2	ENSMUSG00000085172.2-I	Gm6542
ENSMUSG00000117942.2	ENSMUSG00000117942.2-I	Maskbp3
ENSMUSG00000090264.2	ENSMUSG00000090264.2-I	Eif4ebp3
ENSMUSG00000033272.13	ENSMUSG00000033272.13-I	Slc35a4
ENSMUSG00000006850.9	ENSMUSG00000006850.9-I	Tmco6
ENSMUSG00000024474.8	ENSMUSG00000024474.8-I	Ik
ENSMUSG00000042660.9	ENSMUSG00000042660.9-I	Wdr55
ENSMUSG00000019143.16	ENSMUSG00000019143.16-I	Hars2
ENSMUSG00000001383.10	ENSMUSG00000001383.10-I	Zmat2
ENSMUSG00002074846.1	ENSMUSG00002074846.1-I	AC027740.1
ENSMUSG00000063514.4	ENSMUSG00000063514.4-I	Gm6756
ENSMUSG00000103442.6	ENSMUSG00000103442.6-I	Pcdha1
ENSMUSG00000104148.6	ENSMUSG00000104148.6-I	Pcdha2
ENSMUSG00000102312.2	ENSMUSG00000102312.2-I	Pcdha3
ENSMUSG00000104252.6	ENSMUSG00000104252.6-I	Pcdha4
ENSMUSG00000103458.2	ENSMUSG00000103458.2-I	Gm42416
ENSMUSG00000103092.2	ENSMUSG00000103092.2-I	Pcdha5
ENSMUSG00000103707.6	ENSMUSG00000103707.6-I	Pcdha6
ENSMUSG00000102836.2	ENSMUSG00000102836.2-I	Gm37013
ENSMUSG00000104318.2	ENSMUSG00000104318.2-I	Pcdha7
ENSMUSG00000103125.2	ENSMUSG00000103125.2-I	Gm37388
ENSMUSG00000104240.2	ENSMUSG00000104240.2-I	Gm36858
ENSMUSG00000103800.2	ENSMUSG00000103800.2-I	Pcdha8
ENSMUSG00000103770.2	ENSMUSG00000103770.2-I	Pcdha9
ENSMUSG00000007440.11	ENSMUSG00000007440.11-I	Pcdha11
ENSMUSG00000102206.6	ENSMUSG00000102206.6-I	Pcdha11
ENSMUSG00000103601.2	ENSMUSG00000103601.2-I	Gm18150
ENSMUSG00000103310.2	ENSMUSG00000103310.2-I	Pcdha12
ENSMUSG00000102232.2	ENSMUSG00000102232.2-I	Gm19035
ENSMUSG00000103255.2	ENSMUSG00000103255.2-I	Pcdhac1
ENSMUSG00000102697.2	ENSMUSG00000102697.2-I	Pcdhac2
ENSMUSG00000051663.5	ENSMUSG00000051663.5-I	Pcdhb1
ENSMUSG00000051599.5	ENSMUSG00000051599.5-I	Pcdhb2
ENSMUSG00000045498.2	ENSMUSG00000045498.2-I	Pcdhb3
ENSMUSG00000104264.2	ENSMUSG00000104264.2-I	Gm18529
ENSMUSG00000045689.4	ENSMUSG00000045689.4-I	Pcdhb4
ENSMUSG00000063687.4	ENSMUSG00000063687.4-I	Pcdhb5
ENSMUSG00000051678.5	ENSMUSG00000051678.5-I	Pcdhb6
ENSMUSG00000045062.5	ENSMUSG00000045062.5-I	Pcdhb7
ENSMUSG00000045876.5	ENSMUSG00000045876.5-I	Pcdhb8
ENSMUSG00000051242.2	ENSMUSG00000051242.2-I	Pcdhb9
ENSMUSG00000045657.4	ENSMUSG00000045657.4-I	Pcdhb10
ENSMUSG00000051486.6	ENSMUSG00000051486.6-I	Pcdhb11
ENSMUSG00000103483.2	ENSMUSG00000103483.2-I	Gm20162
ENSMUSG00000043458.6	ENSMUSG00000043458.6-I	Pcdhb12
ENSMUSG00000047307.3	ENSMUSG00000047307.3-I	Pcdhb13
ENSMUSG00000044043.5	ENSMUSG00000044043.5-I	Pcdhb14
ENSMUSG00000047033.3	ENSMUSG00000047033.3-I	Pcdhb15
ENSMUSG00000047910.7	ENSMUSG00000047910.7-I	Pcdhb16
ENSMUSG00000046387.6	ENSMUSG00000046387.6-I	Pcdhb17
ENSMUSG00000048347.6	ENSMUSG00000048347.6-I	Pcdhb18
ENSMUSG00000043313.7	ENSMUSG00000043313.7-I	Pcdhb19
ENSMUSG00000046191.8	ENSMUSG00000046191.8-I	Pcdhb20
ENSMUSG00000044022.6	ENSMUSG00000044022.6-I	Pcdhb21
ENSMUSG00000073591.5	ENSMUSG00000073591.5-I	Pcdhb22
ENSMUSG00000104225.2	ENSMUSG00000104225.2-I	4930517L18Rik
ENSMUSG00000073590.4	ENSMUSG00000073590.4-I	3222401L13Rik
ENSMUSG00000103144.2	ENSMUSG00000103144.2-I	Pcdhga1
ENSMUSG00000103332.2	ENSMUSG00000103332.2-I	Pcdhga2
ENSMUSG00000104346.2	ENSMUSG00000104346.2-I	Pcdhga3
ENSMUSG00000103037.2	ENSMUSG00000103037.2-I	Pcdhgb1
ENSMUSG00000103677.2	ENSMUSG00000103677.2-I	Pcdhga4
ENSMUSG00000102748.2	ENSMUSG00000102748.2-I	Pcdhgb2
ENSMUSG00000103567.2	ENSMUSG00000103567.2-I	Pcdhga5
ENSMUSG00000118501.2	ENSMUSG00000118501.2-I	Gm53048
ENSMUSG00000088493.3	ENSMUSG00000088493.3-I	Gm24401
ENSMUSG00000103793.2	ENSMUSG00000103793.2-I	Pcdhga6
ENSMUSG00000103472.2	ENSMUSG00000103472.2-I	Pcdhga7
ENSMUSG00000103585.2	ENSMUSG00000103585.2-I	Pcdhgb4
ENSMUSG00000103897.2	ENSMUSG00000103897.2-I	Pcdhga8
ENSMUSG00000103749.2	ENSMUSG00000103749.2-I	Pcdhgb5
ENSMUSG00000102440.2	ENSMUSG00000102440.2-I	Pcdhga9
ENSMUSG00000103088.2	ENSMUSG00000103088.2-I	Pcdhgb6
ENSMUSG00000102222.2	ENSMUSG00000102222.2-I	Pcdhga10
ENSMUSG00000104063.2	ENSMUSG00000104063.2-I	Pcdhgb7
ENSMUSG00000102742.2	ENSMUSG00000102742.2-I	Pcdhga11
ENSMUSG00000103081.4	ENSMUSG00000103081.4-I	Pcdhgb8
ENSMUSG00000102428.2	ENSMUSG00000102428.2-I	Pcdhga12
ENSMUSG00000102918.2	ENSMUSG00000102918.2-I	Pcdhgc3
ENSMUSG00000023036.15	ENSMUSG00000023036.15-I	Pcdhgc4
ENSMUSG00000102543.6	ENSMUSG00000102543.6-I	Pcdhgc5
ENSMUSG00000102828.6	ENSMUSG00000102828.6-I	Gm38182
ENSMUSG00000117686.2	ENSMUSG00000117686.2-I	Gm50122
ENSMUSG00000044024.17	ENSMUSG00000044024.17-I	Rell2
ENSMUSG00000118056.2	ENSMUSG00000118056.2-I	Gm30093
ENSMUSG00000089983.3	ENSMUSG00000089983.3-I	2010320O07Rik
ENSMUSG00000066475.7	ENSMUSG00000066475.7-I	Gm10268
ENSMUSG00000024442.7	ENSMUSG00000024442.7-I	Dele1
ENSMUSG00000060450.15	ENSMUSG00000060450.15-I	Rnf14
ENSMUSG00000089296.3	ENSMUSG00000089296.3-I	Gm23205
ENSMUSG00000024425.5	ENSMUSG00000024425.5-I	Ndfip1
ENSMUSG00000118296.2	ENSMUSG00000118296.2-I	Gm19100
ENSMUSG00000118257.2	ENSMUSG00000118257.2-I	9630014M24Rik
ENSMUSG00000118193.2	ENSMUSG00000118193.2-I	Arhgap26
ENSMUSG00000099488.2	ENSMUSG00000099488.2-I	Gm19774
ENSMUSG00000117994.2	ENSMUSG00000117994.2-I	Gm5820
ENSMUSG00000036452.19	ENSMUSG00000036452.19-I	Arhgap26
ENSMUSG00000118117.2	ENSMUSG00000118117.2-I	Gm30961
ENSMUSG00000117983.2	ENSMUSG00000117983.2-I	Gm50398
ENSMUSG00000051732.3	ENSMUSG00000051732.3-I	Pabpc2
ENSMUSG00000117838.2	ENSMUSG00000117838.2-I	Gm50396
ENSMUSG00000051401.8	ENSMUSG00000051401.8-I	Kctd16
ENSMUSG00000117943.2	ENSMUSG00000117943.2-I	Gm50403
ENSMUSG00000118202.2	ENSMUSG00000118202.2-I	C030017B01Rik
ENSMUSG00000117847.2	ENSMUSG00000117847.2-I	Gm31205
ENSMUSG00000095150.4	ENSMUSG00000095150.4-I	Rps19-ps13
ENSMUSG00000118091.2	ENSMUSG00000118091.2-I	Gm50407
ENSMUSG00000117708.2	ENSMUSG00000117708.2-I	Gm18530
ENSMUSG00000057719.12	ENSMUSG00000057719.12-I	Sh3rf2
ENSMUSG00000034339.9	ENSMUSG00000034339.9-I	Cstdc7
ENSMUSG00000117753.2	ENSMUSG00000117753.2-I	Gm5504
ENSMUSG00000096699.2	ENSMUSG00000096699.2-I	Rps19-ps4
ENSMUSG00000024491.17	ENSMUSG00000024491.17-I	Rbm27
ENSMUSG00000024497.5	ENSMUSG00000024497.5-I	Pou4f3
ENSMUSG00000056849.7	ENSMUSG00000056849.7-I	Gm16415
ENSMUSG00000118058.2	ENSMUSG00000118058.2-I	Gm3631
ENSMUSG00000024498.17	ENSMUSG00000024498.17-I	Tcerg1
ENSMUSG00000117719.2	ENSMUSG00000117719.2-I	Gm50214
ENSMUSG00000084959.2	ENSMUSG00000084959.2-I	4933407I08Rik
ENSMUSG00000048188.7	ENSMUSG00000048188.7-I	Gm8181
ENSMUSG00000039954.10	ENSMUSG00000039954.10-I	Stk32a
ENSMUSG00000097891.2	ENSMUSG00000097891.2-I	Gm3650
ENSMUSG00000038791.15	ENSMUSG00000038791.15-I	Scgb3a2
ENSMUSG00000117902.2	ENSMUSG00000117902.2-I	Gm41715
ENSMUSG00000118043.2	ENSMUSG00000118043.2-I	Gm50206
ENSMUSG00000118006.2	ENSMUSG00000118006.2-I	Gm50207
ENSMUSG00000055561.10	ENSMUSG00000055561.10-I	Spink5
ENSMUSG00000051050.11	ENSMUSG00000051050.11-I	Spink14
ENSMUSG00000118199.2	ENSMUSG00000118199.2-I	Gm8390
ENSMUSG00000055095.4	ENSMUSG00000055095.4-I	Spink6
ENSMUSG00000061144.7	ENSMUSG00000061144.7-I	Spink12
ENSMUSG00000110628.2	ENSMUSG00000110628.2-I	Gm37797
ENSMUSG00000073572.3	ENSMUSG00000073572.3-I	Gm10542
ENSMUSG00000038071.4	ENSMUSG00000038071.4-I	Npy6r
ENSMUSG00000117919.2	ENSMUSG00000117919.2-I	Gm41717
ENSMUSG00000024471.13	ENSMUSG00000024471.13-I	Myot
ENSMUSG00000024472.10	ENSMUSG00000024472.10-I	Dcp2
ENSMUSG00000097610.3	ENSMUSG00000097610.3-I	A930012L18Rik
ENSMUSG00000117832.2	ENSMUSG00000117832.2-I	Gm50263
ENSMUSG00000107325.2	ENSMUSG00000107325.2-I	Gm43425
ENSMUSG00000034653.12	ENSMUSG00000034653.12-I	Ythdc2
ENSMUSG00000118013.2	ENSMUSG00000118013.2-I	Gm31706
ENSMUSG00000118188.2	ENSMUSG00000118188.2-I	Gm50123
ENSMUSG00000118143.2	ENSMUSG00000118143.2-I	Gm50124
ENSMUSG00000054477.17	ENSMUSG00000054477.17-I	Kcnn2
ENSMUSG00000118037.2	ENSMUSG00000118037.2-I	Gm50125
ENSMUSG00000088649.3	ENSMUSG00000088649.3-I	Gm26262
ENSMUSG00000119698.1	ENSMUSG00000119698.1-I	AC124717.1
ENSMUSG00000103616.2	ENSMUSG00000103616.2-I	1700018A14Rik
ENSMUSG00000118116.2	ENSMUSG00000118116.2-I	Gm3720
ENSMUSG00000057561.11	ENSMUSG00000057561.11-I	Eif1a
ENSMUSG00000117780.2	ENSMUSG00000117780.2-I	Gm3734
ENSMUSG00000024480.10	ENSMUSG00000024480.10-I	Ap3s1
ENSMUSG00000117429.2	ENSMUSG00000117429.2-I	A430019L02Rik
ENSMUSG00000117599.2	ENSMUSG00000117599.2-I	Gm49971
ENSMUSG00000117372.2	ENSMUSG00000117372.2-I	Gm49972
ENSMUSG00000024481.6	ENSMUSG00000024481.6-I	Lvrn
ENSMUSG00000119886.1	ENSMUSG00000119886.1-I	AC132100.1
ENSMUSG00000073568.3	ENSMUSG00000073568.3-I	Arl14epl
ENSMUSG00000042705.10	ENSMUSG00000042705.10-I	Commd10
ENSMUSG00000117621.2	ENSMUSG00000117621.2-I	Hspe1-rs1
ENSMUSG00000117377.2	ENSMUSG00000117377.2-I	Gm8468
ENSMUSG00000117350.2	ENSMUSG00000117350.2-I	Gm49975
ENSMUSG00000117602.2	ENSMUSG00000117602.2-I	9130209A04Rik
ENSMUSG00000118180.2	ENSMUSG00000118180.2-I	Gm50223
ENSMUSG00000118259.2	ENSMUSG00000118259.2-I	Gm5095
ENSMUSG00000117765.2	ENSMUSG00000117765.2-I	Gm5236
ENSMUSG00000118139.2	ENSMUSG00000118139.2-I	Gm41720
ENSMUSG00000118110.2	ENSMUSG00000118110.2-I	Gm50224
ENSMUSG00000118267.2	ENSMUSG00000118267.2-I	G630055G22Rik
ENSMUSG00000059040.6	ENSMUSG00000059040.6-I	Eno1b
ENSMUSG00000097965.2	ENSMUSG00000097965.2-I	Gm5839
ENSMUSG00000117885.2	ENSMUSG00000117885.2-I	Gm50229
ENSMUSG00000118290.2	ENSMUSG00000118290.2-I	Gm18993
ENSMUSG00000117724.2	ENSMUSG00000117724.2-I	Gm50231
ENSMUSG00000100297.2	ENSMUSG00000100297.2-I	1700044K03Rik
ENSMUSG00000087020.2	ENSMUSG00000087020.2-I	Gm16283
ENSMUSG00000037416.14	ENSMUSG00000037416.14-I	Dmxl1
ENSMUSG00000062210.14	ENSMUSG00000062210.14-I	Tnfaip8
ENSMUSG00000024507.7	ENSMUSG00000024507.7-I	Hsd17b4
ENSMUSG00000085939.4	ENSMUSG00000085939.4-I	Cd63-ps
ENSMUSG00000118595.2	ENSMUSG00000118595.2-I	Gm52973
ENSMUSG00000035420.8	ENSMUSG00000035420.8-I	Fam170a
ENSMUSG00000118088.2	ENSMUSG00000118088.2-I	Gm3815
ENSMUSG00000073565.6	ENSMUSG00000073565.6-I	Prr16
ENSMUSG00000118351.2	ENSMUSG00000118351.2-I	Gm50447
ENSMUSG00000118046.2	ENSMUSG00000118046.2-I	Gm50448
ENSMUSG00000024510.7	ENSMUSG00000024510.7-I	Ftmt
ENSMUSG00000024528.9	ENSMUSG00000024528.9-I	Srfbp1
ENSMUSG00000118365.2	ENSMUSG00000118365.2-I	Gm41724
ENSMUSG00000046886.7	ENSMUSG00000046886.7-I	Zfp474
ENSMUSG00000024532.14	ENSMUSG00000024532.14-I	1700034E13Rik
ENSMUSG00000053624.5	ENSMUSG00000053624.5-I	Gykl1
ENSMUSG00000024534.16	ENSMUSG00000024534.16-I	Sncaip
ENSMUSG00000118407.2	ENSMUSG00000118407.2-I	Gm50457
ENSMUSG00000118195.2	ENSMUSG00000118195.2-I	Gm8572
ENSMUSG00000034484.9	ENSMUSG00000034484.9-I	Snx2
ENSMUSG00000024535.17	ENSMUSG00000024535.17-I	Snx24
ENSMUSG00000069378.15	ENSMUSG00000069378.15-I	Prdm6
ENSMUSG00000118362.2	ENSMUSG00000118362.2-I	Gm19466
ENSMUSG00000073563.4	ENSMUSG00000073563.4-I	Csnk1g3
ENSMUSG00000069376.3	ENSMUSG00000069376.3-I	Gm5507
ENSMUSG00000096982.3	ENSMUSG00000096982.3-I	Redrum
ENSMUSG00000117881.2	ENSMUSG00000117881.2-I	Gm50361
ENSMUSG00000118154.2	ENSMUSG00000118154.2-I	9330117O12Rik
ENSMUSG00000119309.1	ENSMUSG00000119309.1-I	AC115119.1
ENSMUSG00000118307.2	ENSMUSG00000118307.2-I	Gm5821
ENSMUSG00000117825.2	ENSMUSG00000117825.2-I	Gm50365
ENSMUSG00000118063.2	ENSMUSG00000118063.2-I	Gm50366
ENSMUSG00000096948.3	ENSMUSG00000096948.3-I	Gm4221
ENSMUSG00000117733.2	ENSMUSG00000117733.2-I	Gm4221
ENSMUSG00000104521.2	ENSMUSG00000104521.2-I	Gm34073
ENSMUSG00000088227.3	ENSMUSG00000088227.3-I	Gm22597
ENSMUSG00000104455.2	ENSMUSG00000104455.2-I	Gm37828
ENSMUSG00000118348.2	ENSMUSG00000118348.2-I	Gm6942
ENSMUSG00000118141.2	ENSMUSG00000118141.2-I	Gm4230
ENSMUSG00000098141.2	ENSMUSG00000098141.2-I	Gm6944
ENSMUSG00000088440.3	ENSMUSG00000088440.3-I	Gm23555
ENSMUSG00000118137.2	ENSMUSG00000118137.2-I	Gm50385
ENSMUSG00000117688.2	ENSMUSG00000117688.2-I	Gm8629
ENSMUSG00000001700.11	ENSMUSG00000001700.11-I	Gramd3
ENSMUSG00000118186.2	ENSMUSG00000118186.2-I	Gm8642
ENSMUSG00000099196.3	ENSMUSG00000099196.3-I	Mir1258
ENSMUSG00000008301.12	ENSMUSG00000008301.12-I	Phax
ENSMUSG00000032900.16	ENSMUSG00000032900.16-I	Tex43
ENSMUSG00000118275.2	ENSMUSG00000118275.2-I	Gm50289
ENSMUSG00000024590.9	ENSMUSG00000024590.9-I	Lmnb1
ENSMUSG00000087597.2	ENSMUSG00000087597.2-I	Gm15345
ENSMUSG00000024593.16	ENSMUSG00000024593.16-I	Megf10
ENSMUSG00000118343.2	ENSMUSG00000118343.2-I	Gm50201
ENSMUSG00000117802.2	ENSMUSG00000117802.2-I	Gm18929
ENSMUSG00000024594.10	ENSMUSG00000024594.10-I	Prrc1
ENSMUSG00000117864.2	ENSMUSG00000117864.2-I	Gm19500
ENSMUSG00000069372.4	ENSMUSG00000069372.4-I	Ctxn3
ENSMUSG00000058925.12	ENSMUSG00000058925.12-I	Ccdc192
ENSMUSG00000024597.12	ENSMUSG00000024597.12-I	Slc12a2
ENSMUSG00000024600.9	ENSMUSG00000024600.9-I	Slc27a6
ENSMUSG00000024601.10	ENSMUSG00000024601.10-I	Isoc1
ENSMUSG00000118337.2	ENSMUSG00000118337.2-I	Gm50227
ENSMUSG00000053441.6	ENSMUSG00000053441.6-I	Adamts19
ENSMUSG00000050875.12	ENSMUSG00000050875.12-I	Minar2
ENSMUSG00000058152.9	ENSMUSG00000058152.9-I	Chsy3
ENSMUSG00000098287.3	ENSMUSG00000098287.3-I	Mir6355
ENSMUSG00000117940.2	ENSMUSG00000117940.2-I	Gm50235
ENSMUSG00000117999.2	ENSMUSG00000117999.2-I	Gm18217
ENSMUSG00000118538.2	ENSMUSG00000118538.2-I	Gm18218
ENSMUSG00000073555.2	ENSMUSG00000073555.2-I	Gm4951
ENSMUSG00000085977.2	ENSMUSG00000085977.2-I	Gm5970
ENSMUSG00000090942.2	ENSMUSG00000090942.2-I	F830016B08Rik
ENSMUSG00000118051.2	ENSMUSG00000118051.2-I	Gm8714
ENSMUSG00000054072.13	ENSMUSG00000054072.13-I	Iigp1
ENSMUSG00000073554.4	ENSMUSG00000073554.4-I	Gm6960
ENSMUSG00000063388.6	ENSMUSG00000063388.6-I	BC023105
ENSMUSG00000024603.9	ENSMUSG00000024603.9-I	Dctn4
ENSMUSG00000024604.8	ENSMUSG00000024604.8-I	Rbm22
ENSMUSG00000024608.12	ENSMUSG00000024608.12-I	Rps14
ENSMUSG00000024610.16	ENSMUSG00000024610.16-I	Cd74
ENSMUSG00000093327.3	ENSMUSG00000093327.3-I	Mir5107
ENSMUSG00000036412.6	ENSMUSG00000036412.6-I	Arsi
ENSMUSG00000024617.17	ENSMUSG00000024617.17-I	Camk2a
ENSMUSG00000098247.3	ENSMUSG00000098247.3-I	Mir7220
ENSMUSG00000098475.3	ENSMUSG00000098475.3-I	Mir6982
ENSMUSG00000024620.12	ENSMUSG00000024620.12-I	Pdgfrb
ENSMUSG00000024621.17	ENSMUSG00000024621.17-I	Csf1r
ENSMUSG00000098389.3	ENSMUSG00000098389.3-I	Mir6983
ENSMUSG00000024575.17	ENSMUSG00000024575.17-I	Pde6a
ENSMUSG00000117713.2	ENSMUSG00000117713.2-I	Gm46637
ENSMUSG00000024576.15	ENSMUSG00000024576.15-I	Csnk1a1
ENSMUSG00000098098.8	ENSMUSG00000098098.8-I	Bvht
ENSMUSG00000024578.4	ENSMUSG00000024578.4-I	Il17b
ENSMUSG00000098702.2	ENSMUSG00000098702.2-I	1500015A07Rik
ENSMUSG00000045629.9	ENSMUSG00000045629.9-I	Sh3tc2
ENSMUSG00000118370.2	ENSMUSG00000118370.2-I	Gm41750
ENSMUSG00000054589.2	ENSMUSG00000054589.2-I	Gm9949
ENSMUSG00000026322.10	ENSMUSG00000026322.10-I	Htr4
ENSMUSG00000044176.13	ENSMUSG00000044176.13-I	Spink10
ENSMUSG00000117712.2	ENSMUSG00000117712.2-I	Gm19159
ENSMUSG00000071847.14	ENSMUSG00000071847.14-I	Apcdd1
ENSMUSG00000024581.14	ENSMUSG00000024581.14-I	Napg
ENSMUSG00000118336.2	ENSMUSG00000118336.2-I	Gm50172
ENSMUSG00000097980.3	ENSMUSG00000097980.3-I	Gm26972
ENSMUSG00000089156.3	ENSMUSG00000089156.3-I	Gm23581
ENSMUSG00000088726.3	ENSMUSG00000088726.3-I	Gm22210
ENSMUSG00000088656.3	ENSMUSG00000088656.3-I	Gm24848
ENSMUSG00000040560.11	ENSMUSG00000040560.11-I	Wdr7
ENSMUSG00000056812.15	ENSMUSG00000056812.15-I	St8sia3
ENSMUSG00000118264.2	ENSMUSG00000118264.2-I	Rps15-ps3
ENSMUSG00000045991.20	ENSMUSG00000045991.20-I	Onecut2
ENSMUSG00000117766.2	ENSMUSG00000117766.2-I	Gm50354
ENSMUSG00000118900.1	ENSMUSG00000118900.1-I	AC137585.1
ENSMUSG00000024589.19	ENSMUSG00000024589.19-I	Nedd4l
ENSMUSG00000118017.2	ENSMUSG00000118017.2-I	Gm29966
ENSMUSG00000065402.3	ENSMUSG00000065402.3-I	Mir122
ENSMUSG00000118101.2	ENSMUSG00000118101.2-I	F730048M01Rik
ENSMUSG00000117971.2	ENSMUSG00000117971.2-I	Gm50220
ENSMUSG00000118163.2	ENSMUSG00000118163.2-I	Gm41757
ENSMUSG00000117721.2	ENSMUSG00000117721.2-I	Gm50221
ENSMUSG00000118078.2	ENSMUSG00000118078.2-I	Gm50228
ENSMUSG00000093283.3	ENSMUSG00000093283.3-I	Gm22567
ENSMUSG00000032688.10	ENSMUSG00000032688.10-I	Malt1
ENSMUSG00000118389.2	ENSMUSG00000118389.2-I	Gm50246
ENSMUSG00000118179.2	ENSMUSG00000118179.2-I	Gm50247
ENSMUSG00000042439.14	ENSMUSG00000042439.14-I	Zfp532
ENSMUSG00000103194.2	ENSMUSG00000103194.2-I	Gm37643
ENSMUSG00000117775.2	ENSMUSG00000117775.2-I	Gm50462
ENSMUSG00000046610.16	ENSMUSG00000046610.16-I	Oacyl
ENSMUSG00000024516.14	ENSMUSG00000024516.14-I	Sec11c
ENSMUSG00000117910.2	ENSMUSG00000117910.2-I	Gm50174
ENSMUSG00000119821.1	ENSMUSG00000119821.1-I	AC124578.1
ENSMUSG00000024517.18	ENSMUSG00000024517.18-I	Grp
ENSMUSG00000117846.2	ENSMUSG00000117846.2-I	Gm50118
ENSMUSG00000097907.3	ENSMUSG00000097907.3-I	Raxos1
ENSMUSG00000117907.2	ENSMUSG00000117907.2-I	Gm50142
ENSMUSG00000085055.3	ENSMUSG00000085055.3-I	Gm15958
ENSMUSG00000117680.2	ENSMUSG00000117680.2-I	Gm50148
ENSMUSG00000117665.2	ENSMUSG00000117665.2-I	Gm20294
ENSMUSG00000118218.2	ENSMUSG00000118218.2-I	Gm50154
ENSMUSG00000024521.9	ENSMUSG00000024521.9-I	Pmaip1
ENSMUSG00000118376.2	ENSMUSG00000118376.2-I	Gm9926
ENSMUSG00000118148.2	ENSMUSG00000118148.2-I	Gm50158
ENSMUSG00000117737.2	ENSMUSG00000117737.2-I	Gm22219
ENSMUSG00000117968.2	ENSMUSG00000117968.2-I	Gm50162
ENSMUSG00000119652.1	ENSMUSG00000119652.1-I	AC127234.1
ENSMUSG00000117798.2	ENSMUSG00000117798.2-I	Gm50164
ENSMUSG00000117815.2	ENSMUSG00000117815.2-I	Gm50166
ENSMUSG00000024524.18	ENSMUSG00000024524.18-I	Gnal
ENSMUSG00000117982.2	ENSMUSG00000117982.2-I	Gm50170
ENSMUSG00000109901.3	ENSMUSG00000109901.3-I	Chmp1b
ENSMUSG00000024525.8	ENSMUSG00000024525.8-I	Impa2
ENSMUSG00000024526.10	ENSMUSG00000024526.10-I	Cidea
ENSMUSG00000001473.8	ENSMUSG00000001473.8-I	Tubb6
ENSMUSG00000024530.9	ENSMUSG00000024530.9-I	Prelid3a
ENSMUSG00000091695.3	ENSMUSG00000091695.3-I	Gm17669
ENSMUSG00000024537.6	ENSMUSG00000024537.6-I	Psmg2
ENSMUSG00000079614.5	ENSMUSG00000079614.5-I	Seh1l
ENSMUSG00000024542.10	ENSMUSG00000024542.10-I	Cep192
ENSMUSG00000118326.2	ENSMUSG00000118326.2-I	Gm8887
ENSMUSG00000024544.10	ENSMUSG00000024544.10-I	Ldlrad4
ENSMUSG00000009535.14	ENSMUSG00000009535.14-I	Rnmt
ENSMUSG00000007480.6	ENSMUSG00000007480.6-I	Mc5r
ENSMUSG00000118288.2	ENSMUSG00000118288.2-I	Gm50258
ENSMUSG00000117811.2	ENSMUSG00000117811.2-I	Gm29677
ENSMUSG00000118317.2	ENSMUSG00000118317.2-I	Gm30641
ENSMUSG00000099300.3	ENSMUSG00000099300.3-I	Mir6356
ENSMUSG00000117889.2	ENSMUSG00000117889.2-I	A730085E03Rik
ENSMUSG00000117970.2	ENSMUSG00000117970.2-I	Gm4402
ENSMUSG00000098060.2	ENSMUSG00000098060.2-I	Gm4842
ENSMUSG00000053477.19	ENSMUSG00000053477.19-I	Tcf4
ENSMUSG00000038903.14	ENSMUSG00000038903.14-I	Ccdc68
ENSMUSG00000086824.2	ENSMUSG00000086824.2-I	4930448D08Rik
ENSMUSG00000117678.2	ENSMUSG00000117678.2-I	Gm50219
ENSMUSG00000079608.11	ENSMUSG00000079608.11-I	Stard6
ENSMUSG00000098721.3	ENSMUSG00000098721.3-I	Mir6357
ENSMUSG00000024513.17	ENSMUSG00000024513.17-I	Mbd2
ENSMUSG00000117735.2	ENSMUSG00000117735.2-I	Gm18963
ENSMUSG00000117932.2	ENSMUSG00000117932.2-I	Gm21046
ENSMUSG00000037253.9	ENSMUSG00000037253.9-I	Mex3c
ENSMUSG00000064527.3	ENSMUSG00000064527.3-I	Gm26438
ENSMUSG00000118185.2	ENSMUSG00000118185.2-I	Gm50126
ENSMUSG00000117985.2	ENSMUSG00000117985.2-I	Gm32548
ENSMUSG00000118321.2	ENSMUSG00000118321.2-I	Gm17943
ENSMUSG00000064036.16	ENSMUSG00000064036.16-I	Mro
ENSMUSG00000090263.2	ENSMUSG00000090263.2-I	D730045A05Rik
ENSMUSG00000053861.2	ENSMUSG00000053861.2-I	Gm9925
ENSMUSG00000118980.1	ENSMUSG00000118980.1-I	AC133186.1
ENSMUSG00000024560.8	ENSMUSG00000024560.8-I	Cxxc1
ENSMUSG00000118151.2	ENSMUSG00000118151.2-I	Gm5690
ENSMUSG00000024561.12	ENSMUSG00000024561.12-I	Mbd1
ENSMUSG00000035394.12	ENSMUSG00000035394.12-I	Cfap53
ENSMUSG00000117898.2	ENSMUSG00000117898.2-I	Gm8986
ENSMUSG00000118303.2	ENSMUSG00000118303.2-I	Gm50168
ENSMUSG00000025885.19	ENSMUSG00000025885.19-I	Myo5b
ENSMUSG00000036880.11	ENSMUSG00000036880.11-I	Acaa2
ENSMUSG00000117767.2	ENSMUSG00000117767.2-I	Gm18786
ENSMUSG00000062328.9	ENSMUSG00000062328.9-I	Rpl17
ENSMUSG00000064871.3	ENSMUSG00000064871.3-I	Snord58b
ENSMUSG00000064647.3	ENSMUSG00000064647.3-I	Gm23301
ENSMUSG00000064844.3	ENSMUSG00000064844.3-I	Gm26202
ENSMUSG00000036299.6	ENSMUSG00000036299.6-I	BC031181
ENSMUSG00000035765.11	ENSMUSG00000035765.11-I	Dym
ENSMUSG00000025880.12	ENSMUSG00000025880.12-I	Smad7
ENSMUSG00000097712.2	ENSMUSG00000097712.2-I	Gm10532
ENSMUSG00000118164.2	ENSMUSG00000118164.2-I	Gm20570
ENSMUSG00000097302.2	ENSMUSG00000097302.2-I	1700034B16Rik
ENSMUSG00000044646.16	ENSMUSG00000044646.16-I	Zbtb7c
ENSMUSG00000098276.3	ENSMUSG00000098276.3-I	Mir6358
ENSMUSG00000024563.17	ENSMUSG00000024563.17-I	Smad2
ENSMUSG00000117816.2	ENSMUSG00000117816.2-I	Gm50360
ENSMUSG00000091519.2	ENSMUSG00000091519.2-I	Skor2
ENSMUSG00000090000.3	ENSMUSG00000090000.3-I	Ier3ip1
ENSMUSG00000117732.2	ENSMUSG00000117732.2-I	Gm50364
ENSMUSG00000025421.16	ENSMUSG00000025421.16-I	Hdhd2
ENSMUSG00000025423.17	ENSMUSG00000025423.17-I	Pias2
ENSMUSG00000025425.19	ENSMUSG00000025425.19-I	St8sia5
ENSMUSG00000032818.17	ENSMUSG00000032818.17-I	Loxhd1
ENSMUSG00000117855.2	ENSMUSG00000117855.2-I	Gm50197
ENSMUSG00000077593.3	ENSMUSG00000077593.3-I	Gm26014
ENSMUSG00000056682.9	ENSMUSG00000056682.9-I	4930465K10Rik
ENSMUSG00000025428.16	ENSMUSG00000025428.16-I	Atp5a1
ENSMUSG00000025429.10	ENSMUSG00000025429.10-I	Pstpip2
ENSMUSG00000039840.9	ENSMUSG00000039840.9-I	Epg5
ENSMUSG00000090451.2	ENSMUSG00000090451.2-I	Gm6133
ENSMUSG00000117661.2	ENSMUSG00000117661.2-I	4931439C15Rik
ENSMUSG00000119659.1	ENSMUSG00000119659.1-I	AC145554.1
ENSMUSG00000088733.3	ENSMUSG00000088733.3-I	Gm23895
ENSMUSG00000117936.2	ENSMUSG00000117936.2-I	Gm18978
ENSMUSG00000118301.2	ENSMUSG00000118301.2-I	Gm20593
ENSMUSG00000117787.2	ENSMUSG00000117787.2-I	Gm50177
ENSMUSG00000117669.2	ENSMUSG00000117669.2-I	Gm5509
ENSMUSG00000117722.2	ENSMUSG00000117722.2-I	Gm18910
ENSMUSG00000117813.2	ENSMUSG00000117813.2-I	Gm5823
ENSMUSG00000117759.2	ENSMUSG00000117759.2-I	AA684185
ENSMUSG00000118176.2	ENSMUSG00000118176.2-I	Gm50179
ENSMUSG00000118357.2	ENSMUSG00000118357.2-I	Gm36627
ENSMUSG00000118304.2	ENSMUSG00000118304.2-I	Gm36718
ENSMUSG00000117949.2	ENSMUSG00000117949.2-I	Gm50180
ENSMUSG00000117857.2	ENSMUSG00000117857.2-I	Gm50190
ENSMUSG00000117851.2	ENSMUSG00000117851.2-I	Gm50192
ENSMUSG00000117933.2	ENSMUSG00000117933.2-I	Gm50193
ENSMUSG00000056214.10	ENSMUSG00000056214.10-I	Pard6g
ENSMUSG00000118269.2	ENSMUSG00000118269.2-I	Gm50195
ENSMUSG00000117904.2	ENSMUSG00000117904.2-I	Gm7447
ENSMUSG00000118061.2	ENSMUSG00000118061.2-I	Rbfaos
ENSMUSG00000024571.16	ENSMUSG00000024571.16-I	Gm16286
ENSMUSG00000057130.13	ENSMUSG00000057130.13-I	Txnl4a
ENSMUSG00000034006.18	ENSMUSG00000034006.18-I	Slc66a2
ENSMUSG00000097593.3	ENSMUSG00000097593.3-I	Gm26676
ENSMUSG00000102260.2	ENSMUSG00000102260.2-I	D330025C20Rik
ENSMUSG00000118070.2	ENSMUSG00000118070.2-I	Gm50209
ENSMUSG00000118265.2	ENSMUSG00000118265.2-I	Gm50211
ENSMUSG00000114891.2	ENSMUSG00000114891.2-I	Gm47272
ENSMUSG00000114756.2	ENSMUSG00000114756.2-I	Gm47273
ENSMUSG00000098720.2	ENSMUSG00000098720.2-I	Gm27239
ENSMUSG00000089257.3	ENSMUSG00000089257.3-I	Gm25718
ENSMUSG00000118268.2	ENSMUSG00000118268.2-I	Gm50424
ENSMUSG00000118262.2	ENSMUSG00000118262.2-I	Gm50423
ENSMUSG00000117717.2	ENSMUSG00000117717.2-I	Gm30192
ENSMUSG00000118300.2	ENSMUSG00000118300.2-I	Gm50412
ENSMUSG00000118363.2	ENSMUSG00000118363.2-I	Gm50290
ENSMUSG00000118073.2	ENSMUSG00000118073.2-I	Gm50291
ENSMUSG00000118254.2	ENSMUSG00000118254.2-I	Gm46614
ENSMUSG00000117923.2	ENSMUSG00000117923.2-I	Gm30593
ENSMUSG00000077599.3	ENSMUSG00000077599.3-I	Gm26012
ENSMUSG00000118278.2	ENSMUSG00000118278.2-I	Gm50293
ENSMUSG00000118279.2	ENSMUSG00000118279.2-I	Gm50298
ENSMUSG00000058625.7	ENSMUSG00000058625.7-I	Gm17383
ENSMUSG00000118256.2	ENSMUSG00000118256.2-I	Gm50303
ENSMUSG00000041607.18	ENSMUSG00000041607.18-I	Mbp
ENSMUSG00000118160.2	ENSMUSG00000118160.2-I	Gm50347
ENSMUSG00000097141.3	ENSMUSG00000097141.3-I	Gm10524
ENSMUSG00000118012.2	ENSMUSG00000118012.2-I	Gm46620
ENSMUSG00000117824.2	ENSMUSG00000117824.2-I	Gm50350
ENSMUSG00000117888.2	ENSMUSG00000117888.2-I	Gm50351
ENSMUSG00000092638.3	ENSMUSG00000092638.3-I	Mir5112
ENSMUSG00000118085.2	ENSMUSG00000118085.2-I	Gm50356
ENSMUSG00000097738.3	ENSMUSG00000097738.3-I	4930445N18Rik
ENSMUSG00000117762.2	ENSMUSG00000117762.2-I	Gm30889
ENSMUSG00000058881.14	ENSMUSG00000058881.14-I	Zfp516
ENSMUSG00000118094.2	ENSMUSG00000118094.2-I	Gm52988
ENSMUSG00000117783.2	ENSMUSG00000117783.2-I	Gm31265
ENSMUSG00000118387.2	ENSMUSG00000118387.2-I	Gm50415
ENSMUSG00000118222.2	ENSMUSG00000118222.2-I	Gm50418
ENSMUSG00000117826.2	ENSMUSG00000117826.2-I	Gm50420
ENSMUSG00000117894.2	ENSMUSG00000117894.2-I	Gm50421
ENSMUSG00000049090.4	ENSMUSG00000049090.4-I	Zadh2
ENSMUSG00000118385.2	ENSMUSG00000118385.2-I	Gm50311
ENSMUSG00000117676.2	ENSMUSG00000117676.2-I	Gm50314
ENSMUSG00000118152.2	ENSMUSG00000118152.2-I	Gm2390
ENSMUSG00000047992.12	ENSMUSG00000047992.12-I	Dipk1c
ENSMUSG00000118075.2	ENSMUSG00000118075.2-I	Gm38576
ENSMUSG00000024646.15	ENSMUSG00000024646.15-I	Cyb5a
ENSMUSG00000034391.13	ENSMUSG00000034391.13-I	Fbxo15
ENSMUSG00000118198.2	ENSMUSG00000118198.2-I	Gm50370
ENSMUSG00000119275.1	ENSMUSG00000119275.1-I	AC105968.1
ENSMUSG00000050321.4	ENSMUSG00000050321.4-I	Neto1
ENSMUSG00000117736.2	ENSMUSG00000117736.2-I	Gm50386
ENSMUSG00000024647.15	ENSMUSG00000024647.15-I	Cbln2
ENSMUSG00000118328.2	ENSMUSG00000118328.2-I	Gm46615
ENSMUSG00000118025.2	ENSMUSG00000118025.2-I	Gm5691
ENSMUSG00000118250.2	ENSMUSG00000118250.2-I	Gm5234
ENSMUSG00000117683.2	ENSMUSG00000117683.2-I	Gm50389
ENSMUSG00000069324.7	ENSMUSG00000069324.7-I	Gm5096
ENSMUSG00000118352.2	ENSMUSG00000118352.2-I	Gm50401
ENSMUSG00000117887.2	ENSMUSG00000117887.2-I	Gm50404
ENSMUSG00000117777.2	ENSMUSG00000117777.2-I	Gm50267
ENSMUSG00000023066.11	ENSMUSG00000023066.11-I	Rttn
ENSMUSG00000098676.3	ENSMUSG00000098676.3-I	Mir6359
ENSMUSG00000034028.17	ENSMUSG00000034028.17-I	Cd226
ENSMUSG00000090047.2	ENSMUSG00000090047.2-I	Gm16297
ENSMUSG00000089008.3	ENSMUSG00000089008.3-I	Gm23859
ENSMUSG00000118372.2	ENSMUSG00000118372.2-I	Gm50434
ENSMUSG00000077402.3	ENSMUSG00000077402.3-I	Gm25418
ENSMUSG00000024614.8	ENSMUSG00000024614.8-I	Tmx3
ENSMUSG00000117747.2	ENSMUSG00000117747.2-I	Gm50438
ENSMUSG00000110277.3	ENSMUSG00000110277.3-I	Gm45871
ENSMUSG00000109923.2	ENSMUSG00000109923.2-I	Gm20039
ENSMUSG00000093774.2	ENSMUSG00000093774.2-I	Vmn1r-ps151
ENSMUSG00000093444.2	ENSMUSG00000093444.2-I	Vmn1r-ps152
ENSMUSG00000117531.2	ENSMUSG00000117531.2-I	Gm50073
ENSMUSG00000091539.3	ENSMUSG00000091539.3-I	Vmn1r238
ENSMUSG00000117353.2	ENSMUSG00000117353.2-I	Gm50074
ENSMUSG00000117464.2	ENSMUSG00000117464.2-I	Gm50075
ENSMUSG00000063889.17	ENSMUSG00000063889.17-I	Crem
ENSMUSG00000117389.2	ENSMUSG00000117389.2-I	Gm50088
ENSMUSG00000117463.2	ENSMUSG00000117463.2-I	Rpl7a-ps6
ENSMUSG00000117565.2	ENSMUSG00000117565.2-I	Gm6248
ENSMUSG00000073647.5	ENSMUSG00000073647.5-I	Gm10557
ENSMUSG00000117482.2	ENSMUSG00000117482.2-I	Gm7400
ENSMUSG00000024235.12	ENSMUSG00000024235.12-I	Map3k8
ENSMUSG00000097641.3	ENSMUSG00000097641.3-I	Gm26865
ENSMUSG00000097888.3	ENSMUSG00000097888.3-I	Gm26682
ENSMUSG00000050945.9	ENSMUSG00000050945.9-I	Zfp438
ENSMUSG00000117520.2	ENSMUSG00000117520.2-I	Gm50064
ENSMUSG00000117617.2	ENSMUSG00000117617.2-I	Gm50065
ENSMUSG00000063087.16	ENSMUSG00000063087.16-I	Gm10125
ENSMUSG00000097926.2	ENSMUSG00000097926.2-I	Gm26575
ENSMUSG00000103138.2	ENSMUSG00000103138.2-I	Gm2238
ENSMUSG00000090078.3	ENSMUSG00000090078.3-I	Gm16147
ENSMUSG00000117548.2	ENSMUSG00000117548.2-I	Gm41662
ENSMUSG00000041225.17	ENSMUSG00000041225.17-I	Arhgap12
ENSMUSG00000006740.15	ENSMUSG00000006740.15-I	Kif5b
ENSMUSG00000095614.2	ENSMUSG00000095614.2-I	Gm6291
ENSMUSG00000024240.14	ENSMUSG00000024240.14-I	Epc1
ENSMUSG00000084514.2	ENSMUSG00000084514.2-I	Mir1893
ENSMUSG00000117620.2	ENSMUSG00000117620.2-I	Gm50077
ENSMUSG00000117359.2	ENSMUSG00000117359.2-I	Gm7466
ENSMUSG00000117652.2	ENSMUSG00000117652.2-I	Gm2350
ENSMUSG00000061013.7	ENSMUSG00000061013.7-I	Mkx
ENSMUSG00000117381.2	ENSMUSG00000117381.2-I	Gm10350
ENSMUSG00000061802.7	ENSMUSG00000061802.7-I	Odad2
ENSMUSG00000117360.2	ENSMUSG00000117360.2-I	Gm18581
ENSMUSG00000117383.2	ENSMUSG00000117383.2-I	4930415O11Rik
ENSMUSG00000057440.9	ENSMUSG00000057440.9-I	Mpp7
ENSMUSG00000117542.2	ENSMUSG00000117542.2-I	Gm18763
ENSMUSG00000117462.2	ENSMUSG00000117462.2-I	Gm50027
ENSMUSG00000117505.2	ENSMUSG00000117505.2-I	Gm9993
ENSMUSG00000117385.2	ENSMUSG00000117385.2-I	Gm20147
ENSMUSG00000117483.2	ENSMUSG00000117483.2-I	Gm18526
ENSMUSG00000036855.4	ENSMUSG00000036855.4-I	Gjd4
ENSMUSG00000024286.9	ENSMUSG00000024286.9-I	Ccny
ENSMUSG00000117448.2	ENSMUSG00000117448.2-I	Gm50055
ENSMUSG00000050996.8	ENSMUSG00000050996.8-I	Cetn1
ENSMUSG00000091285.3	ENSMUSG00000091285.3-I	Gm17430
ENSMUSG00000089054.2	ENSMUSG00000089054.2-I	Gm23350
ENSMUSG00000047879.18	ENSMUSG00000047879.18-I	Usp14
ENSMUSG00000024290.10	ENSMUSG00000024290.10-I	Rock1
ENSMUSG00000058567.7	ENSMUSG00000058567.7-I	Gm2531
ENSMUSG00000095616.2	ENSMUSG00000095616.2-I	Gm26244
ENSMUSG00000117510.2	ENSMUSG00000117510.2-I	Gm50032
ENSMUSG00000117512.2	ENSMUSG00000117512.2-I	Gm7156
ENSMUSG00000117363.2	ENSMUSG00000117363.2-I	Gm50033
ENSMUSG00000094111.3	ENSMUSG00000094111.3-I	Nutf2-ps2
ENSMUSG00000024293.17	ENSMUSG00000024293.17-I	Esco1
ENSMUSG00000002475.17	ENSMUSG00000002475.17-I	Abhd3
ENSMUSG00000095438.2	ENSMUSG00000095438.2-I	Mir133a-1hg
ENSMUSG00000065399.3	ENSMUSG00000065399.3-I	Mir133a-1
ENSMUSG00000106348.2	ENSMUSG00000106348.2-I	Mir1a-2
ENSMUSG00000097222.3	ENSMUSG00000097222.3-I	Gata6os
ENSMUSG00000117634.2	ENSMUSG00000117634.2-I	Gm50069
ENSMUSG00000117589.2	ENSMUSG00000117589.2-I	Gm18713
ENSMUSG00000097440.3	ENSMUSG00000097440.3-I	Gm6277
ENSMUSG00000084565.3	ENSMUSG00000084565.3-I	Mir1901
ENSMUSG00000049411.16	ENSMUSG00000049411.16-I	Tmem241
ENSMUSG00000024413.15	ENSMUSG00000024413.15-I	Npc1
ENSMUSG00000057766.15	ENSMUSG00000057766.15-I	Ankrd29
ENSMUSG00000100090.2	ENSMUSG00000100090.2-I	Gm29199
ENSMUSG00000101406.2	ENSMUSG00000101406.2-I	Gm29200
ENSMUSG00000117418.2	ENSMUSG00000117418.2-I	Gm50063
ENSMUSG00000117573.2	ENSMUSG00000117573.2-I	Gm41668
ENSMUSG00000083332.2	ENSMUSG00000083332.2-I	Gm7599
ENSMUSG00000044252.19	ENSMUSG00000044252.19-I	Osbpl1a
ENSMUSG00000117447.2	ENSMUSG00000117447.2-I	Gm5240
ENSMUSG00000117583.2	ENSMUSG00000117583.2-I	Gm18083
ENSMUSG00000119747.1	ENSMUSG00000119747.1-I	AC103597.1
ENSMUSG00000117536.2	ENSMUSG00000117536.2-I	Gm41669
ENSMUSG00000117608.2	ENSMUSG00000117608.2-I	Gm53018
ENSMUSG00000024420.10	ENSMUSG00000024420.10-I	Zfp521
ENSMUSG00000117600.2	ENSMUSG00000117600.2-I	Gm50094
ENSMUSG00000117365.2	ENSMUSG00000117365.2-I	Gm29992
ENSMUSG00000119796.1	ENSMUSG00000119796.1-I	AC158772.1
ENSMUSG00000037013.18	ENSMUSG00000037013.18-I	Ss18
ENSMUSG00000094306.3	ENSMUSG00000094306.3-I	Gm24924
ENSMUSG00000117436.2	ENSMUSG00000117436.2-I	Gm9474
ENSMUSG00000036225.16	ENSMUSG00000036225.16-I	Kctd1
ENSMUSG00000117404.2	ENSMUSG00000117404.2-I	Gm50035
ENSMUSG00000117380.2	ENSMUSG00000117380.2-I	E430002N23Rik
ENSMUSG00000119366.1	ENSMUSG00000119366.1-I	AC133525.1
ENSMUSG00000024411.12	ENSMUSG00000024411.12-I	Aqp4
ENSMUSG00000047161.13	ENSMUSG00000047161.13-I	Chst9
ENSMUSG00000119300.1	ENSMUSG00000119300.1-I	AC102377.1
ENSMUSG00000117532.2	ENSMUSG00000117532.2-I	Gm50076
ENSMUSG00000063628.3	ENSMUSG00000063628.3-I	Gm7665
ENSMUSG00000024304.15	ENSMUSG00000024304.15-I	Cdh2
ENSMUSG00000082608.2	ENSMUSG00000082608.2-I	Gm7670
ENSMUSG00000117460.2	ENSMUSG00000117460.2-I	4921533I20Rik
ENSMUSG00000117615.2	ENSMUSG00000117615.2-I	4930545E07Rik
ENSMUSG00000117491.2	ENSMUSG00000117491.2-I	Gm50082
ENSMUSG00000119393.1	ENSMUSG00000119393.1-I	AC132408.1
ENSMUSG00000117574.2	ENSMUSG00000117574.2-I	Gm50084
ENSMUSG00000117636.2	ENSMUSG00000117636.2-I	Gm38432
ENSMUSG00000117407.2	ENSMUSG00000117407.2-I	Gm7720
ENSMUSG00000059898.10	ENSMUSG00000059898.10-I	Dsc3
ENSMUSG00000024331.12	ENSMUSG00000024331.12-I	Dsc2
ENSMUSG00000044322.8	ENSMUSG00000044322.8-I	Dsc1
ENSMUSG00000117627.2	ENSMUSG00000117627.2-I	Tpi-rs10
ENSMUSG00000085595.2	ENSMUSG00000085595.2-I	Gm16090
ENSMUSG00000091449.4	ENSMUSG00000091449.4-I	Gm10269
ENSMUSG00000056124.6	ENSMUSG00000056124.6-I	B4galt6
ENSMUSG00000033382.16	ENSMUSG00000033382.16-I	Trappc8
ENSMUSG00000062962.6	ENSMUSG00000062962.6-I	Gm6378
ENSMUSG00000042680.9	ENSMUSG00000042680.9-I	Garem1
ENSMUSG00000117632.2	ENSMUSG00000117632.2-I	Gm50049
ENSMUSG00000117590.2	ENSMUSG00000117590.2-I	Gm50052
ENSMUSG00000119907.1	ENSMUSG00000119907.1-I	AC158774.3
ENSMUSG00000117386.2	ENSMUSG00000117386.2-I	Gm4837
ENSMUSG00000042514.12	ENSMUSG00000042514.12-I	Klhl14
ENSMUSG00000024306.14	ENSMUSG00000024306.14-I	Ccdc178
ENSMUSG00000041923.16	ENSMUSG00000041923.16-I	Nol4
ENSMUSG00000114088.2	ENSMUSG00000114088.2-I	Gm47898
ENSMUSG00000086287.2	ENSMUSG00000086287.2-I	Gm15972
ENSMUSG00000098607.3	ENSMUSG00000098607.3-I	Mir6360
ENSMUSG00000089290.3	ENSMUSG00000089290.3-I	Gm23207
ENSMUSG00000024274.11	ENSMUSG00000024274.11-I	Zscan30
ENSMUSG00000051469.15	ENSMUSG00000051469.15-I	Zfp24
ENSMUSG00000117500.2	ENSMUSG00000117500.2-I	Gm18085
ENSMUSG00000047989.12	ENSMUSG00000047989.12-I	Ino80c
ENSMUSG00000065532.3	ENSMUSG00000065532.3-I	Mir187
ENSMUSG00000040446.5	ENSMUSG00000040446.5-I	Rprd1a
ENSMUSG00000024270.12	ENSMUSG00000024270.12-I	Slc39a6
ENSMUSG00000054745.2	ENSMUSG00000054745.2-I	Gm9955
ENSMUSG00000024269.12	ENSMUSG00000024269.12-I	Tpgs2
ENSMUSG00000024268.17	ENSMUSG00000024268.17-I	Celf4
ENSMUSG00000087121.2	ENSMUSG00000087121.2-I	Gm7847
ENSMUSG00000117456.2	ENSMUSG00000117456.2-I	Gm49976
ENSMUSG00000117646.2	ENSMUSG00000117646.2-I	Gm49977
ENSMUSG00000117529.2	ENSMUSG00000117529.2-I	Gm49978
ENSMUSG00000117416.2	ENSMUSG00000117416.2-I	Gm5064
ENSMUSG00000117348.2	ENSMUSG00000117348.2-I	Gm34658
ENSMUSG00000117550.2	ENSMUSG00000117550.2-I	Mif-ps10
ENSMUSG00000117618.2	ENSMUSG00000117618.2-I	4930578E11Rik
ENSMUSG00000117626.2	ENSMUSG00000117626.2-I	Gm7917
ENSMUSG00000117345.2	ENSMUSG00000117345.2-I	Gm7926
ENSMUSG00000117419.2	ENSMUSG00000117419.2-I	Gm7930
ENSMUSG00000091785.3	ENSMUSG00000091785.3-I	Rpl29-ps5
ENSMUSG00000055771.3	ENSMUSG00000055771.3-I	Gm7936
ENSMUSG00000117526.2	ENSMUSG00000117526.2-I	Gm41780
ENSMUSG00000057455.13	ENSMUSG00000057455.13-I	Rit2
ENSMUSG00000117502.2	ENSMUSG00000117502.2-I	Gm7941
ENSMUSG00000024261.7	ENSMUSG00000024261.7-I	Syt4
ENSMUSG00000077169.3	ENSMUSG00000077169.3-I	Gm25396
ENSMUSG00000117576.2	ENSMUSG00000117576.2-I	Gm5241
ENSMUSG00000024259.10	ENSMUSG00000024259.10-I	Slc25a46
ENSMUSG00000097748.2	ENSMUSG00000097748.2-I	Gm26533
ENSMUSG00000091561.4	ENSMUSG00000091561.4-I	Gm6665
ENSMUSG00000044982.8	ENSMUSG00000044982.8-I	Sft2d3
ENSMUSG00000052229.6	ENSMUSG00000052229.6-I	Gpr17
ENSMUSG00000024388.12	ENSMUSG00000024388.12-I	Myo7b
ENSMUSG00000117481.2	ENSMUSG00000117481.2-I	Gm49966
ENSMUSG00000117650.2	ENSMUSG00000117650.2-I	4933435E02Rik
ENSMUSG00000024386.10	ENSMUSG00000024386.10-I	Proc
ENSMUSG00000097413.3	ENSMUSG00000097413.3-I	A830052D11Rik
ENSMUSG00000109238.3	ENSMUSG00000109238.3-I	Gm35060
ENSMUSG00000108896.2	ENSMUSG00000108896.2-I	Gm20136
ENSMUSG00000090523.3	ENSMUSG00000090523.3-I	Gypc
ENSMUSG00000087715.3	ENSMUSG00000087715.3-I	Gm25826
ENSMUSG00000098252.3	ENSMUSG00000098252.3-I	Mir6361
ENSMUSG00000097710.3	ENSMUSG00000097710.3-I	2310026I22Rik
ENSMUSG00000024378.10	ENSMUSG00000024378.10-I	Stard4
ENSMUSG00000117730.2	ENSMUSG00000117730.2-I	Gm5503
ENSMUSG00000042834.16	ENSMUSG00000042834.16-I	Nrep
ENSMUSG00000024376.8	ENSMUSG00000024376.8-I	Epb41l4a
ENSMUSG00000088501.3	ENSMUSG00000088501.3-I	Gm22788
ENSMUSG00000117961.2	ENSMUSG00000117961.2-I	Gm50265
ENSMUSG00000118054.2	ENSMUSG00000118054.2-I	Gm5238
ENSMUSG00000119457.1	ENSMUSG00000119457.1-I	AC114003.1
ENSMUSG00000073607.3	ENSMUSG00000073607.3-I	Gm10548
ENSMUSG00000005873.7	ENSMUSG00000005873.7-I	Reep5
ENSMUSG00000036501.8	ENSMUSG00000036501.8-I	Fam13b
ENSMUSG00000035984.15	ENSMUSG00000035984.15-I	Nme5
ENSMUSG00000049357.12	ENSMUSG00000049357.12-I	Brd8dc
ENSMUSG00000003778.15	ENSMUSG00000003778.15-I	Brd8
ENSMUSG00000024370.18	ENSMUSG00000024370.18-I	Cdc23
ENSMUSG00000024366.9	ENSMUSG00000024366.9-I	Gfra3
ENSMUSG00000119209.1	ENSMUSG00000119209.1-I	AC145591.1
ENSMUSG00000044201.11	ENSMUSG00000044201.11-I	Cdc25c
ENSMUSG00000024360.9	ENSMUSG00000024360.9-I	Etf1
ENSMUSG00000024359.11	ENSMUSG00000024359.11-I	Hspa9
ENSMUSG00000089239.3	ENSMUSG00000089239.3-I	Gm22200
ENSMUSG00000065904.3	ENSMUSG00000065904.3-I	Gm26109
ENSMUSG00000118145.2	ENSMUSG00000118145.2-I	Gm6724
ENSMUSG00000117727.2	ENSMUSG00000117727.2-I	Gm3587
ENSMUSG00000071862.4	ENSMUSG00000071862.4-I	Lrrtm2
ENSMUSG00000024357.11	ENSMUSG00000024357.11-I	Sil1
ENSMUSG00000118030.2	ENSMUSG00000118030.2-I	Gm50163
ENSMUSG00000024354.14	ENSMUSG00000024354.14-I	Slc23a1
ENSMUSG00000024353.6	ENSMUSG00000024353.6-I	Mzb1
ENSMUSG00000117874.2	ENSMUSG00000117874.2-I	Gm50318
ENSMUSG00000073600.6	ENSMUSG00000073600.6-I	Prob1
ENSMUSG00000024352.13	ENSMUSG00000024352.13-I	Spata24
ENSMUSG00000024350.7	ENSMUSG00000024350.7-I	Dnajc18
ENSMUSG00000073599.11	ENSMUSG00000073599.11-I	Ecscr
ENSMUSG00000024349.11	ENSMUSG00000024349.11-I	Sting1
ENSMUSG00000100320.2	ENSMUSG00000100320.2-I	Gm29417
ENSMUSG00000118358.2	ENSMUSG00000118358.2-I	Gm36315
ENSMUSG00000060275.15	ENSMUSG00000060275.15-I	Nrg2
ENSMUSG00000024346.7	ENSMUSG00000024346.7-I	Pfdn1
ENSMUSG00000024486.7	ENSMUSG00000024486.7-I	Hbegf
ENSMUSG00000006050.13	ENSMUSG00000006050.13-I	Sra1
ENSMUSG00000117679.2	ENSMUSG00000117679.2-I	Apbb3
ENSMUSG00000044719.6	ENSMUSG00000044719.6-I	E230025N22Rik
ENSMUSG00000051439.8	ENSMUSG00000051439.8-I	Cd14
ENSMUSG00000014294.5	ENSMUSG00000014294.5-I	Ndufa2
ENSMUSG00000044595.11	ENSMUSG00000044595.11-I	Dnd1
ENSMUSG00000001380.8	ENSMUSG00000001380.8-I	Hars
ENSMUSG00000103386.2	ENSMUSG00000103386.2-I	Gm37751
ENSMUSG00000102634.2	ENSMUSG00000102634.2-I	Gm38225
ENSMUSG00000103384.2	ENSMUSG00000103384.2-I	Gm37753
ENSMUSG00000073594.4	ENSMUSG00000073594.4-I	Gm10545
ENSMUSG00000097430.3	ENSMUSG00000097430.3-I	Gm10544
ENSMUSG00000103456.2	ENSMUSG00000103456.2-I	Gm38097
ENSMUSG00000103985.2	ENSMUSG00000103985.2-I	Gm37446
ENSMUSG00000050304.5	ENSMUSG00000050304.5-I	Slc25a2
ENSMUSG00000051316.9	ENSMUSG00000051316.9-I	Taf7
ENSMUSG00000102827.2	ENSMUSG00000102827.2-I	Gm8242
ENSMUSG00000103956.2	ENSMUSG00000103956.2-I	Gm37118
ENSMUSG00000104512.2	ENSMUSG00000104512.2-I	Gm37165
ENSMUSG00000097330.3	ENSMUSG00000097330.3-I	Gm26672
ENSMUSG00000103309.2	ENSMUSG00000103309.2-I	BC037039
ENSMUSG00000102713.2	ENSMUSG00000102713.2-I	Gm29994
ENSMUSG00000024456.17	ENSMUSG00000024456.17-I	Diaph1
ENSMUSG00000098706.3	ENSMUSG00000098706.3-I	Mir6979
ENSMUSG00000024454.17	ENSMUSG00000024454.17-I	Hdac3
ENSMUSG00000038524.14	ENSMUSG00000038524.14-I	Fchsd1
ENSMUSG00000024451.10	ENSMUSG00000024451.10-I	Arap3
ENSMUSG00000098608.3	ENSMUSG00000098608.3-I	Mir6981
ENSMUSG00000098297.3	ENSMUSG00000098297.3-I	Mir6980
ENSMUSG00000051375.16	ENSMUSG00000051375.16-I	Pcdh1
ENSMUSG00000097080.9	ENSMUSG00000097080.9-I	1700086O06Rik
ENSMUSG00000024440.14	ENSMUSG00000024440.14-I	Pcdh12
ENSMUSG00000052102.16	ENSMUSG00000052102.16-I	Gnpda1
ENSMUSG00000118140.2	ENSMUSG00000118140.2-I	Gm4949
ENSMUSG00000117986.2	ENSMUSG00000117986.2-I	Gm50344
ENSMUSG00000118112.2	ENSMUSG00000118112.2-I	Gm50349
ENSMUSG00000024427.8	ENSMUSG00000024427.8-I	Spry4
ENSMUSG00000083766.2	ENSMUSG00000083766.2-I	Gm15335
ENSMUSG00000081773.2	ENSMUSG00000081773.2-I	Gm8302
ENSMUSG00000036585.17	ENSMUSG00000036585.17-I	Fgf1
ENSMUSG00000086991.2	ENSMUSG00000086991.2-I	Gm15334
ENSMUSG00000086312.2	ENSMUSG00000086312.2-I	Gm15336
ENSMUSG00000082287.2	ENSMUSG00000082287.2-I	Gm15333
ENSMUSG00000085289.2	ENSMUSG00000085289.2-I	Gm15337
ENSMUSG00000024431.16	ENSMUSG00000024431.16-I	Nr3c1
ENSMUSG00000117922.2	ENSMUSG00000117922.2-I	Gm50397
ENSMUSG00000118015.2	ENSMUSG00000118015.2-I	Gm41708
ENSMUSG00000118042.2	ENSMUSG00000118042.2-I	Gm50395
ENSMUSG00000024487.6	ENSMUSG00000024487.6-I	Yipf5
ENSMUSG00000117674.2	ENSMUSG00000117674.2-I	Gm31087
ENSMUSG00000118315.2	ENSMUSG00000118315.2-I	Gm31019
ENSMUSG00000118299.2	ENSMUSG00000118299.2-I	Gm50408
ENSMUSG00000117677.2	ENSMUSG00000117677.2-I	Gm50409
ENSMUSG00000117745.2	ENSMUSG00000117745.2-I	Gm50410
ENSMUSG00000056671.8	ENSMUSG00000056671.8-I	Prelid2
ENSMUSG00000118266.2	ENSMUSG00000118266.2-I	Gm18371
ENSMUSG00000073574.5	ENSMUSG00000073574.5-I	Grxcr2
ENSMUSG00000059455.4	ENSMUSG00000059455.4-I	Plac8l1
ENSMUSG00000117660.2	ENSMUSG00000117660.2-I	Gm18086
ENSMUSG00000024493.10	ENSMUSG00000024493.10-I	Lars
ENSMUSG00000117662.2	ENSMUSG00000117662.2-I	Gm4013
ENSMUSG00000042816.5	ENSMUSG00000042816.5-I	Gpr151
ENSMUSG00000117882.2	ENSMUSG00000117882.2-I	Gm50213
ENSMUSG00000117926.2	ENSMUSG00000117926.2-I	C030004G16Rik
ENSMUSG00000024500.21	ENSMUSG00000024500.21-I	Ppp2r2b
ENSMUSG00000117792.2	ENSMUSG00000117792.2-I	4930588A03Rik
ENSMUSG00000119082.1	ENSMUSG00000119082.1-I	AC099605.1
ENSMUSG00000024501.21	ENSMUSG00000024501.21-I	Dpysl3
ENSMUSG00000043424.11	ENSMUSG00000043424.11-I	Eif3j2
ENSMUSG00000118018.2	ENSMUSG00000118018.2-I	AC156546.1
ENSMUSG00000024502.11	ENSMUSG00000024502.11-I	Jakmip2
ENSMUSG00000024503.4	ENSMUSG00000024503.4-I	Spink1
ENSMUSG00000071858.5	ENSMUSG00000071858.5-I	Gm94
ENSMUSG00000069385.11	ENSMUSG00000069385.11-I	Gm10267
ENSMUSG00000053729.5	ENSMUSG00000053729.5-I	Spinkl
ENSMUSG00000073573.7	ENSMUSG00000073573.7-I	Spink11
ENSMUSG00000071856.11	ENSMUSG00000071856.11-I	Mcc
ENSMUSG00000117929.2	ENSMUSG00000117929.2-I	Gm6663
ENSMUSG00000098244.2	ENSMUSG00000098244.2-I	Gm26928
ENSMUSG00000118034.2	ENSMUSG00000118034.2-I	Gm4839
ENSMUSG00000073569.3	ENSMUSG00000073569.3-I	Gm10540
ENSMUSG00000117844.2	ENSMUSG00000117844.2-I	Gm18652
ENSMUSG00000118074.2	ENSMUSG00000118074.2-I	Gm31907
ENSMUSG00000098284.9	ENSMUSG00000098284.9-I	A330093E20Rik
ENSMUSG00000104009.2	ENSMUSG00000104009.2-I	Gm38337
ENSMUSG00000033949.13	ENSMUSG00000033949.13-I	Trim36
ENSMUSG00000024477.5	ENSMUSG00000024477.5-I	Pggt1b
ENSMUSG00000071855.6	ENSMUSG00000071855.6-I	Ccdc112
ENSMUSG00000117742.2	ENSMUSG00000117742.2-I	4930415P13Rik
ENSMUSG00000118282.2	ENSMUSG00000118282.2-I	Gm4840
ENSMUSG00000118002.2	ENSMUSG00000118002.2-I	Gm4107
ENSMUSG00000046487.7	ENSMUSG00000046487.7-I	Mospd4
ENSMUSG00000033319.6	ENSMUSG00000033319.6-I	Fem1c
ENSMUSG00000056130.11	ENSMUSG00000056130.11-I	Ticam2
ENSMUSG00000033184.15	ENSMUSG00000033184.15-I	Tmed7
ENSMUSG00000033022.9	ENSMUSG00000033022.9-I	Cdo1
ENSMUSG00000032905.6	ENSMUSG00000032905.6-I	Atg12
ENSMUSG00000117630.2	ENSMUSG00000117630.2-I	Gm49973
ENSMUSG00000117411.2	ENSMUSG00000117411.2-I	Gm3744
ENSMUSG00000117588.2	ENSMUSG00000117588.2-I	Gm49974
ENSMUSG00000087857.3	ENSMUSG00000087857.3-I	Gm22791
ENSMUSG00000019647.17	ENSMUSG00000019647.17-I	Sema6a
ENSMUSG00000117515.2	ENSMUSG00000117515.2-I	Gm6883
ENSMUSG00000117474.2	ENSMUSG00000117474.2-I	Gm50086
ENSMUSG00000118113.2	ENSMUSG00000118113.2-I	Gm4146
ENSMUSG00000118097.2	ENSMUSG00000118097.2-I	Gm5237
ENSMUSG00000024505.17	ENSMUSG00000024505.17-I	Dtwd2
ENSMUSG00000118705.1	ENSMUSG00000118705.1-I	AC112984.1
ENSMUSG00000100134.2	ENSMUSG00000100134.2-I	1700065O20Rik
ENSMUSG00000086600.9	ENSMUSG00000086600.9-I	C030005K06Rik
ENSMUSG00000117714.2	ENSMUSG00000117714.2-I	Gm50439
ENSMUSG00000098058.2	ENSMUSG00000098058.2-I	Gm8529
ENSMUSG00000048875.4	ENSMUSG00000048875.4-I	Pudp
ENSMUSG00000119809.1	ENSMUSG00000119809.1-I	AC121949.1
ENSMUSG00000077317.3	ENSMUSG00000077317.3-I	Gm25785
ENSMUSG00000069379.4	ENSMUSG00000069379.4-I	Gm4950
ENSMUSG00000118334.2	ENSMUSG00000118334.2-I	Gm50446
ENSMUSG00000119171.1	ENSMUSG00000119171.1-I	AC174383.1
ENSMUSG00000098000.2	ENSMUSG00000098000.2-I	Gm27026
ENSMUSG00000024529.15	ENSMUSG00000024529.15-I	Lox
ENSMUSG00000118240.2	ENSMUSG00000118240.2-I	Gm1859
ENSMUSG00000024538.9	ENSMUSG00000024538.9-I	Ppic
ENSMUSG00000048799.9	ENSMUSG00000048799.9-I	Cep120
ENSMUSG00000117769.2	ENSMUSG00000117769.2-I	Gm8594
ENSMUSG00000118103.2	ENSMUSG00000118103.2-I	4933434P08Rik
ENSMUSG00000118120.2	ENSMUSG00000118120.2-I	Gm33732
ENSMUSG00000052713.10	ENSMUSG00000052713.10-I	Zfp608
ENSMUSG00000084521.3	ENSMUSG00000084521.3-I	Gm24183
ENSMUSG00000103555.2	ENSMUSG00000103555.2-I	Gm37337
ENSMUSG00000092702.4	ENSMUSG00000092702.4-I	Gm24514
ENSMUSG00000098119.2	ENSMUSG00000098119.2-I	Gm26959
ENSMUSG00000098007.2	ENSMUSG00000098007.2-I	Gm8614
ENSMUSG00000053644.14	ENSMUSG00000053644.14-I	Aldh7a1
ENSMUSG00000117812.2	ENSMUSG00000117812.2-I	Gm50283
ENSMUSG00000118153.2	ENSMUSG00000118153.2-I	Gm50288
ENSMUSG00000032656.15	ENSMUSG00000032656.15-I	Marchf3
ENSMUSG00000117917.2	ENSMUSG00000117917.2-I	Gm18087
ENSMUSG00000024592.16	ENSMUSG00000024592.16-I	C330018D20Rik
ENSMUSG00000118050.2	ENSMUSG00000118050.2-I	Gm18739
ENSMUSG00000118177.2	ENSMUSG00000118177.2-I	Gm19486
ENSMUSG00000118230.2	ENSMUSG00000118230.2-I	Gm50200
ENSMUSG00000119541.1	ENSMUSG00000119541.1-I	AC122117.1
ENSMUSG00000086607.8	ENSMUSG00000086607.8-I	4930511M06Rik
ENSMUSG00000085800.8	ENSMUSG00000085800.8-I	1700066O22Rik
ENSMUSG00000118322.2	ENSMUSG00000118322.2-I	2210409D07Rik
ENSMUSG00000088776.3	ENSMUSG00000088776.3-I	Gm26038
ENSMUSG00000118391.2	ENSMUSG00000118391.2-I	Gm19519
ENSMUSG00000024598.10	ENSMUSG00000024598.10-I	Fbn2
ENSMUSG00000077243.3	ENSMUSG00000077243.3-I	Gm23270
ENSMUSG00000118754.1	ENSMUSG00000118754.1-I	AC158924.1
ENSMUSG00000118327.2	ENSMUSG00000118327.2-I	Gm8697
ENSMUSG00000117701.2	ENSMUSG00000117701.2-I	Gm38695
ENSMUSG00000068606.7	ENSMUSG00000068606.7-I	Gm4841
ENSMUSG00000118361.2	ENSMUSG00000118361.2-I	Gm50237
ENSMUSG00000038059.8	ENSMUSG00000038059.8-I	Smim3
ENSMUSG00000049173.9	ENSMUSG00000049173.9-I	Myoz3
ENSMUSG00000043079.18	ENSMUSG00000043079.18-I	Synpo
ENSMUSG00000054008.10	ENSMUSG00000054008.10-I	Ndst1
ENSMUSG00000080779.2	ENSMUSG00000080779.2-I	Gm8731
ENSMUSG00000024613.17	ENSMUSG00000024613.17-I	Tcof1
ENSMUSG00000052026.9	ENSMUSG00000052026.9-I	Slc6a7
ENSMUSG00000024619.9	ENSMUSG00000024619.9-I	Cdx1
ENSMUSG00000024622.9	ENSMUSG00000024622.9-I	Hmgxb3
ENSMUSG00000089125.3	ENSMUSG00000089125.3-I	Gm26403
ENSMUSG00000034320.15	ENSMUSG00000034320.15-I	Slc26a2
ENSMUSG00000091957.4	ENSMUSG00000091957.4-I	Rps2-ps10
ENSMUSG00000033871.15	ENSMUSG00000033871.15-I	Ppargc1b
ENSMUSG00000105200.3	ENSMUSG00000105200.3-I	Mir378a
ENSMUSG00000118286.2	ENSMUSG00000118286.2-I	Gm8755
ENSMUSG00000089541.3	ENSMUSG00000089541.3-I	Gm25834
ENSMUSG00000118229.2	ENSMUSG00000118229.2-I	Lncbate10
ENSMUSG00000045094.9	ENSMUSG00000045094.9-I	Arhgef37
ENSMUSG00000065592.4	ENSMUSG00000065592.4-I	Mir145a
ENSMUSG00000065445.5	ENSMUSG00000065445.5-I	Mir143
ENSMUSG00000097324.9	ENSMUSG00000097324.9-I	Carmn
ENSMUSG00000102778.2	ENSMUSG00000102778.2-I	Gm38165
ENSMUSG00000024579.8	ENSMUSG00000024579.8-I	Pcyox1l
ENSMUSG00000024580.9	ENSMUSG00000024580.9-I	Grpel2
ENSMUSG00000033032.16	ENSMUSG00000033032.16-I	Afap1l1
ENSMUSG00000032735.16	ENSMUSG00000032735.16-I	Ablim3
ENSMUSG00000104035.2	ENSMUSG00000104035.2-I	Gm37774
ENSMUSG00000045730.5	ENSMUSG00000045730.5-I	Adrb2
ENSMUSG00000042211.8	ENSMUSG00000042211.8-I	Fbxo38
ENSMUSG00000110576.3	ENSMUSG00000110576.3-I	Gm36368
ENSMUSG00000060201.6	ENSMUSG00000060201.6-I	Spink7
ENSMUSG00000073551.6	ENSMUSG00000073551.6-I	Spink13
ENSMUSG00000041789.8	ENSMUSG00000041789.8-I	2700046A07Rik
ENSMUSG00000117671.2	ENSMUSG00000117671.2-I	Gm50128
ENSMUSG00000041482.18	ENSMUSG00000041482.18-I	Piezo2
ENSMUSG00000118039.2	ENSMUSG00000118039.2-I	Gm50171
ENSMUSG00000117875.2	ENSMUSG00000117875.2-I	Gm6789
ENSMUSG00000024583.4	ENSMUSG00000024583.4-I	Txnl1
ENSMUSG00000117795.2	ENSMUSG00000117795.2-I	Gm50104
ENSMUSG00000117977.2	ENSMUSG00000117977.2-I	Gm50106
ENSMUSG00000118258.2	ENSMUSG00000118258.2-I	Gm19076
ENSMUSG00000119255.1	ENSMUSG00000119255.1-I	AC102132.1
ENSMUSG00000117673.2	ENSMUSG00000117673.2-I	Gm6974
ENSMUSG00000118189.2	ENSMUSG00000118189.2-I	Gm50109
ENSMUSG00000086128.9	ENSMUSG00000086128.9-I	St8sia3os
ENSMUSG00000118191.2	ENSMUSG00000118191.2-I	Gm45934
ENSMUSG00000118022.2	ENSMUSG00000118022.2-I	Prdx1-ps
ENSMUSG00000118375.2	ENSMUSG00000118375.2-I	Gm36804
ENSMUSG00000060096.6	ENSMUSG00000060096.6-I	Amd-ps3
ENSMUSG00000024588.11	ENSMUSG00000024588.11-I	Fech
ENSMUSG00000024587.11	ENSMUSG00000024587.11-I	Nars
ENSMUSG00000039529.10	ENSMUSG00000039529.10-I	Atp8b1
ENSMUSG00000117808.2	ENSMUSG00000117808.2-I	Gm50338
ENSMUSG00000118133.2	ENSMUSG00000118133.2-I	Gm6978
ENSMUSG00000118224.2	ENSMUSG00000118224.2-I	Gm50352
ENSMUSG00000118356.2	ENSMUSG00000118356.2-I	Gm50353
ENSMUSG00000088304.3	ENSMUSG00000088304.3-I	Gm24504
ENSMUSG00000118045.2	ENSMUSG00000118045.2-I	Gm29860
ENSMUSG00000114210.3	ENSMUSG00000114210.3-I	A330084C13Rik
ENSMUSG00000117895.2	ENSMUSG00000117895.2-I	Gm50368
ENSMUSG00000032845.17	ENSMUSG00000032845.17-I	Alpk2
ENSMUSG00000118285.2	ENSMUSG00000118285.2-I	Gm46618
ENSMUSG00000117860.2	ENSMUSG00000117860.2-I	Gm30018
ENSMUSG00000117992.2	ENSMUSG00000117992.2-I	Gm41760
ENSMUSG00000118234.2	ENSMUSG00000118234.2-I	Gm50115
ENSMUSG00000118208.2	ENSMUSG00000118208.2-I	Gm50234
ENSMUSG00000117751.2	ENSMUSG00000117751.2-I	Gm50256
ENSMUSG00000117866.2	ENSMUSG00000117866.2-I	Gm50175
ENSMUSG00000118170.2	ENSMUSG00000118170.2-I	Gm30094
ENSMUSG00000087746.3	ENSMUSG00000087746.3-I	Gm25150
ENSMUSG00000117734.2	ENSMUSG00000117734.2-I	Gm50117
ENSMUSG00000118162.2	ENSMUSG00000118162.2-I	Gm50119
ENSMUSG00000024518.5	ENSMUSG00000024518.5-I	Rax
ENSMUSG00000024519.7	ENSMUSG00000024519.7-I	Cplx4
ENSMUSG00000041891.17	ENSMUSG00000041891.17-I	Lman1
ENSMUSG00000046318.17	ENSMUSG00000046318.17-I	Ccbe1
ENSMUSG00000117764.2	ENSMUSG00000117764.2-I	Gm50143
ENSMUSG00000076147.3	ENSMUSG00000076147.3-I	Mir694
ENSMUSG00000118228.2	ENSMUSG00000118228.2-I	Gm50153
ENSMUSG00000117884.2	ENSMUSG00000117884.2-I	Gm50156
ENSMUSG00000117918.2	ENSMUSG00000117918.2-I	Gm50157
ENSMUSG00000089387.3	ENSMUSG00000089387.3-I	Gm24679
ENSMUSG00000118187.2	ENSMUSG00000118187.2-I	Gm36092
ENSMUSG00000117843.2	ENSMUSG00000117843.2-I	Gm50159
ENSMUSG00000118349.2	ENSMUSG00000118349.2-I	Gm50160
ENSMUSG00000118201.2	ENSMUSG00000118201.2-I	Gm50161
ENSMUSG00000117750.2	ENSMUSG00000117750.2-I	Gm30190
ENSMUSG00000047259.4	ENSMUSG00000047259.4-I	Mc4r
ENSMUSG00000118216.2	ENSMUSG00000118216.2-I	Gm19784
ENSMUSG00000117868.2	ENSMUSG00000117868.2-I	Gm50165
ENSMUSG00000118131.2	ENSMUSG00000118131.2-I	Gm50167
ENSMUSG00000119766.1	ENSMUSG00000119766.1-I	AC140336.1
ENSMUSG00000117757.2	ENSMUSG00000117757.2-I	Gm50169
ENSMUSG00000062526.5	ENSMUSG00000062526.5-I	Mppe1
ENSMUSG00000046415.12	ENSMUSG00000046415.12-I	B430212C06Rik
ENSMUSG00000024527.11	ENSMUSG00000024527.11-I	Afg3l2
ENSMUSG00000024533.18	ENSMUSG00000024533.18-I	Spire1
ENSMUSG00000073542.4	ENSMUSG00000073542.4-I	Cep76
ENSMUSG00000024539.18	ENSMUSG00000024539.18-I	Ptpn2
ENSMUSG00000118134.2	ENSMUSG00000118134.2-I	4930549G23Rik
ENSMUSG00000097835.2	ENSMUSG00000097835.2-I	Gm26910
ENSMUSG00000117891.2	ENSMUSG00000117891.2-I	Gm41764
ENSMUSG00000118306.2	ENSMUSG00000118306.2-I	Gm18149
ENSMUSG00000038121.7	ENSMUSG00000038121.7-I	Fam210a
ENSMUSG00000098253.3	ENSMUSG00000098253.3-I	Mir7219
ENSMUSG00000045569.8	ENSMUSG00000045569.8-I	Mc2r
ENSMUSG00000118041.2	ENSMUSG00000118041.2-I	Gm50259
ENSMUSG00000118102.2	ENSMUSG00000118102.2-I	Gm50260
ENSMUSG00000024546.7	ENSMUSG00000024546.7-I	4930546C10Rik
ENSMUSG00000098366.3	ENSMUSG00000098366.3-I	Mir145b
ENSMUSG00000110211.2	ENSMUSG00000110211.2-I	Gm31294
ENSMUSG00000119124.1	ENSMUSG00000119124.1-I	AC109258.1
ENSMUSG00000118028.2	ENSMUSG00000118028.2-I	Gm50215
ENSMUSG00000084948.2	ENSMUSG00000084948.2-I	1700061H18Rik
ENSMUSG00000024511.16	ENSMUSG00000024511.16-I	Rab27b
ENSMUSG00000024512.5	ENSMUSG00000024512.5-I	Dynap
ENSMUSG00000118497.2	ENSMUSG00000118497.2-I	Gm36255
ENSMUSG00000110495.2	ENSMUSG00000110495.2-I	Gm45879
ENSMUSG00000044906.7	ENSMUSG00000044906.7-I	4930503L19Rik
ENSMUSG00000038425.19	ENSMUSG00000038425.19-I	Poli
ENSMUSG00000117810.2	ENSMUSG00000117810.2-I	Gm8934
ENSMUSG00000118309.2	ENSMUSG00000118309.2-I	Gm50261
ENSMUSG00000118271.2	ENSMUSG00000118271.2-I	Gm50262
ENSMUSG00000060534.17	ENSMUSG00000060534.17-I	Dcc
ENSMUSG00000117831.2	ENSMUSG00000117831.2-I	Gm6995
ENSMUSG00000117984.2	ENSMUSG00000117984.2-I	Gm31819
ENSMUSG00000118316.2	ENSMUSG00000118316.2-I	Gm31908
ENSMUSG00000024515.14	ENSMUSG00000024515.14-I	Smad4
ENSMUSG00000036941.3	ENSMUSG00000036941.3-I	Elac1
ENSMUSG00000024556.5	ENSMUSG00000024556.5-I	Me2
ENSMUSG00000024558.13	ENSMUSG00000024558.13-I	Mapk4
ENSMUSG00000036223.17	ENSMUSG00000036223.17-I	Ska1
ENSMUSG00000095419.2	ENSMUSG00000095419.2-I	Gm14328
ENSMUSG00000086333.2	ENSMUSG00000086333.2-I	1700120E14Rik
ENSMUSG00000088689.3	ENSMUSG00000088689.3-I	Scarna17
ENSMUSG00000089235.3	ENSMUSG00000089235.3-I	Gm23119
ENSMUSG00000117754.2	ENSMUSG00000117754.2-I	Rpl37a-ps2
ENSMUSG00000053846.6	ENSMUSG00000053846.6-I	Lipg
ENSMUSG00000118384.2	ENSMUSG00000118384.2-I	9030625G05Rik
ENSMUSG00000118144.2	ENSMUSG00000118144.2-I	Gm50313
ENSMUSG00000094153.3	ENSMUSG00000094153.3-I	Gm8807
ENSMUSG00000102047.2	ENSMUSG00000102047.2-I	2010010A06Rik
ENSMUSG00000092569.2	ENSMUSG00000092569.2-I	Gm20544
ENSMUSG00000052928.10	ENSMUSG00000052928.10-I	Ctif
ENSMUSG00000118311.2	ENSMUSG00000118311.2-I	1700003O11Rik
ENSMUSG00000117797.2	ENSMUSG00000117797.2-I	2900057B20Rik
ENSMUSG00000118294.2	ENSMUSG00000118294.2-I	Gm9028
ENSMUSG00000118004.2	ENSMUSG00000118004.2-I	BC026513
ENSMUSG00000117960.2	ENSMUSG00000117960.2-I	Gm31933
ENSMUSG00000025420.14	ENSMUSG00000025420.14-I	Katnal2
ENSMUSG00000073532.4	ENSMUSG00000073532.4-I	Gm7276
ENSMUSG00000082784.2	ENSMUSG00000082784.2-I	Gm15957
ENSMUSG00000118108.2	ENSMUSG00000118108.2-I	Gm50284
ENSMUSG00000025427.16	ENSMUSG00000025427.16-I	Rnf165
ENSMUSG00000047466.11	ENSMUSG00000047466.11-I	8030462N17Rik
ENSMUSG00000097666.3	ENSMUSG00000097666.3-I	A330094K24Rik
ENSMUSG00000041840.9	ENSMUSG00000041840.9-I	Haus1
ENSMUSG00000073529.10	ENSMUSG00000073529.10-I	F830208F22Rik
ENSMUSG00000091055.3	ENSMUSG00000091055.3-I	Siglec15
ENSMUSG00000059336.15	ENSMUSG00000059336.15-I	Slc14a1
ENSMUSG00000024552.17	ENSMUSG00000024552.17-I	Slc14a2
ENSMUSG00000024548.12	ENSMUSG00000024548.12-I	Setbp1
ENSMUSG00000117828.2	ENSMUSG00000117828.2-I	Gm2116
ENSMUSG00000087717.3	ENSMUSG00000087717.3-I	Gm25824
ENSMUSG00000118130.2	ENSMUSG00000118130.2-I	Gm50176
ENSMUSG00000117709.2	ENSMUSG00000117709.2-I	Gm50178
ENSMUSG00000117963.2	ENSMUSG00000117963.2-I	Gm19062
ENSMUSG00000098165.2	ENSMUSG00000098165.2-I	Gm26977
ENSMUSG00000096597.2	ENSMUSG00000096597.2-I	Gm21886
ENSMUSG00000053950.11	ENSMUSG00000053950.11-I	Adnp2
ENSMUSG00000118373.2	ENSMUSG00000118373.2-I	Gm41787
ENSMUSG00000118244.2	ENSMUSG00000118244.2-I	Gm46629
ENSMUSG00000024570.8	ENSMUSG00000024570.8-I	Rbfa
ENSMUSG00000078963.4	ENSMUSG00000078963.4-I	Hsbp1l1
ENSMUSG00000059852.8	ENSMUSG00000059852.8-I	Kcng2
ENSMUSG00000102959.2	ENSMUSG00000102959.2-I	Gm37015
ENSMUSG00000033323.15	ENSMUSG00000033323.15-I	Ctdp1
ENSMUSG00000118319.2	ENSMUSG00000118319.2-I	Gm2176
ENSMUSG00000118379.2	ENSMUSG00000118379.2-I	Gm41790
ENSMUSG00000033016.17	ENSMUSG00000033016.17-I	Nfatc1
ENSMUSG00000024566.11	ENSMUSG00000024566.11-I	Atp9b
ENSMUSG00000024565.11	ENSMUSG00000024565.11-I	Sall3
ENSMUSG00000118235.2	ENSMUSG00000118235.2-I	Gm7503
ENSMUSG00000097181.2	ENSMUSG00000097181.2-I	4930594M17Rik
ENSMUSG00000118227.2	ENSMUSG00000118227.2-I	Gm30288
ENSMUSG00000117870.2	ENSMUSG00000117870.2-I	Gm41792
ENSMUSG00000118172.2	ENSMUSG00000118172.2-I	Gm50414
ENSMUSG00000117892.2	ENSMUSG00000117892.2-I	Gm30454
ENSMUSG00000117817.2	ENSMUSG00000117817.2-I	Gm50292
ENSMUSG00000093036.3	ENSMUSG00000093036.3-I	Mir5127
ENSMUSG00000117913.2	ENSMUSG00000117913.2-I	Gm50294
ENSMUSG00000117663.2	ENSMUSG00000117663.2-I	Gm50297
ENSMUSG00000118057.2	ENSMUSG00000118057.2-I	B020010K11Rik
ENSMUSG00000024553.9	ENSMUSG00000024553.9-I	Galr1
ENSMUSG00000061684.7	ENSMUSG00000061684.7-I	Rpl21-ps8
ENSMUSG00000041258.19	ENSMUSG00000041258.19-I	Zfp236
ENSMUSG00000117842.2	ENSMUSG00000117842.2-I	Gm41793
ENSMUSG00000117849.2	ENSMUSG00000117849.2-I	Gm50355
ENSMUSG00000101773.2	ENSMUSG00000101773.2-I	2210420H20Rik
ENSMUSG00000118339.2	ENSMUSG00000118339.2-I	4930592I03Rik
ENSMUSG00000117976.2	ENSMUSG00000117976.2-I	Gm50437
ENSMUSG00000100430.3	ENSMUSG00000100430.3-I	1700095A13Rik
ENSMUSG00000118333.2	ENSMUSG00000118333.2-I	4921531P14Rik
ENSMUSG00000117993.2	ENSMUSG00000117993.2-I	Gm31503
ENSMUSG00000117715.2	ENSMUSG00000117715.2-I	Gm50413
ENSMUSG00000118060.2	ENSMUSG00000118060.2-I	4933401L05Rik
ENSMUSG00000118156.2	ENSMUSG00000118156.2-I	Gm7569
ENSMUSG00000118175.2	ENSMUSG00000118175.2-I	Gm50416
ENSMUSG00000117658.2	ENSMUSG00000117658.2-I	Gm50417
ENSMUSG00000118200.2	ENSMUSG00000118200.2-I	Gm31621
ENSMUSG00000118024.2	ENSMUSG00000118024.2-I	Gm50419
ENSMUSG00000046982.12	ENSMUSG00000046982.12-I	Tshz1
ENSMUSG00000118225.2	ENSMUSG00000118225.2-I	Gm31854
ENSMUSG00000117915.2	ENSMUSG00000117915.2-I	Gm50309
ENSMUSG00000048410.18	ENSMUSG00000048410.18-I	Zfp407
ENSMUSG00000102951.2	ENSMUSG00000102951.2-I	Gm37216
ENSMUSG00000056162.15	ENSMUSG00000056162.15-I	Cndp1
ENSMUSG00000092056.3	ENSMUSG00000092056.3-I	Gm7289
ENSMUSG00000024644.18	ENSMUSG00000024644.18-I	Cndp2
ENSMUSG00000089760.2	ENSMUSG00000089760.2-I	D030046N08Rik
ENSMUSG00000065746.3	ENSMUSG00000065746.3-I	Gm25005
ENSMUSG00000117781.2	ENSMUSG00000117781.2-I	Gm17266
ENSMUSG00000089744.3	ENSMUSG00000089744.3-I	Gm16146
ENSMUSG00000024645.6	ENSMUSG00000024645.6-I	Timm21
ENSMUSG00000118255.2	ENSMUSG00000118255.2-I	Gm50369
ENSMUSG00000117854.2	ENSMUSG00000117854.2-I	Gm7612
ENSMUSG00000118241.2	ENSMUSG00000118241.2-I	Gm5824
ENSMUSG00000117906.2	ENSMUSG00000117906.2-I	Gm50381
ENSMUSG00000118283.2	ENSMUSG00000118283.2-I	Gm7623
ENSMUSG00000117778.2	ENSMUSG00000117778.2-I	Gm50384
ENSMUSG00000117908.2	ENSMUSG00000117908.2-I	Gm5971
ENSMUSG00000117969.2	ENSMUSG00000117969.2-I	Gm5826
ENSMUSG00000118171.2	ENSMUSG00000118171.2-I	Gm50390
ENSMUSG00000077641.3	ENSMUSG00000077641.3-I	Gm24987
ENSMUSG00000117801.2	ENSMUSG00000117801.2-I	Gm50391
ENSMUSG00000117830.2	ENSMUSG00000117830.2-I	Gm50400
ENSMUSG00000118247.2	ENSMUSG00000118247.2-I	Gm7662
ENSMUSG00000056153.16	ENSMUSG00000056153.16-I	Socs6
ENSMUSG00000117948.2	ENSMUSG00000117948.2-I	Gm6409
ENSMUSG00000118089.2	ENSMUSG00000118089.2-I	Gm50406
ENSMUSG00000073514.5	ENSMUSG00000073514.5-I	Dok6
ENSMUSG00000118274.2	ENSMUSG00000118274.2-I	Gm50204
ENSMUSG00000089885.3	ENSMUSG00000089885.3-I	Gm16296
ENSMUSG00000098126.2	ENSMUSG00000098126.2-I	Gm27037
ENSMUSG00000118035.2	ENSMUSG00000118035.2-I	Gm6173
ENSMUSG00000091697.3	ENSMUSG00000091697.3-I	Eif3s6-ps2
ENSMUSG00000117726.2	ENSMUSG00000117726.2-I	Gm7674
ENSMUSG00000117805.2	ENSMUSG00000117805.2-I	Gm18280
